,Frame,Datetime,Center_X,Center_Y,Box_X,Box_Y,Box_Width,Box_Height
0,77,2024-12-18 20:05:05.162039,249,278,232,235,35,88
1,78,2024-12-18 20:05:05.178706,248,278,232,235,35,88
2,79,2024-12-18 20:05:05.195373,248,278,231,235,35,88
3,80,2024-12-18 20:05:05.212039,247,278,230,235,35,88
4,81,2024-12-18 20:05:05.228706,246,278,229,235,35,88
5,82,2024-12-18 20:05:05.245373,245,278,228,235,35,88
6,83,2024-12-18 20:05:05.262039,243,278,227,235,35,88
7,84,2024-12-18 20:05:05.278706,242,278,225,235,35,88
8,85,2024-12-18 20:05:05.295373,240,278,223,235,36,88
9,86,2024-12-18 20:05:05.312039,238,278,221,235,36,88
10,87,2024-12-18 20:05:05.328706,236,278,219,235,35,88
11,88,2024-12-18 20:05:05.345373,233,278,217,235,35,88
12,89,2024-12-18 20:05:05.362039,231,278,214,235,36,88
13,90,2024-12-18 20:05:05.378706,229,278,212,235,35,88
14,91,2024-12-18 20:05:05.395373,227,278,210,235,35,88
15,92,2024-12-18 20:05:05.412039,225,278,209,235,35,88
16,93,2024-12-18 20:05:05.428706,225,277,208,234,35,89
17,94,2024-12-18 20:05:05.445373,224,277,208,234,35,88
18,95,2024-12-18 20:05:05.462039,224,276,208,233,35,88
19,96,2024-12-18 20:05:05.478706,225,275,208,232,35,88
20,97,2024-12-18 20:05:05.495373,226,274,209,231,35,89
21,98,2024-12-18 20:05:05.512039,226,271,210,228,35,89
22,99,2024-12-18 20:05:05.528706,228,271,211,228,36,87
23,100,2024-12-18 20:05:05.545373,230,271,213,228,35,87
24,101,2024-12-18 20:05:05.562039,232,271,215,228,35,87
25,102,2024-12-18 20:05:05.578706,234,271,217,228,36,88
26,103,2024-12-18 20:05:05.595373,237,271,220,228,36,88
27,104,2024-12-18 20:05:05.612039,241,271,224,228,35,88
28,105,2024-12-18 20:05:05.628706,245,270,228,228,35,88
29,106,2024-12-18 20:05:05.645373,248,270,232,227,35,89
30,107,2024-12-18 20:05:05.662039,251,270,235,227,35,88
31,108,2024-12-18 20:05:05.678706,254,270,237,227,36,88
32,109,2024-12-18 20:05:05.695373,257,270,240,227,35,88
33,110,2024-12-18 20:05:05.712039,260,271,243,228,35,88
34,111,2024-12-18 20:05:05.728706,262,271,245,228,35,88
35,112,2024-12-18 20:05:05.745373,262,271,245,228,36,88
36,113,2024-12-18 20:05:05.762039,261,271,244,228,36,88
37,114,2024-12-18 20:05:05.778706,259,272,242,229,36,88
38,115,2024-12-18 20:05:05.795373,257,272,240,229,35,89
39,116,2024-12-18 20:05:05.812039,255,273,238,230,35,88
40,117,2024-12-18 20:05:05.828706,253,273,236,231,36,87
41,118,2024-12-18 20:05:05.845373,251,274,235,231,35,88
42,119,2024-12-18 20:05:05.862039,250,273,233,231,35,88
43,120,2024-12-18 20:05:05.878706,249,273,232,231,36,88
44,121,2024-12-18 20:05:05.895373,249,274,232,231,35,88
45,122,2024-12-18 20:05:05.912039,250,274,233,231,35,88
46,123,2024-12-18 20:05:05.928706,250,274,234,232,35,87
47,124,2024-12-18 20:05:05.945373,252,274,236,232,35,87
48,125,2024-12-18 20:05:05.962039,254,275,237,232,35,88
49,126,2024-12-18 20:05:05.978706,255,275,239,232,35,88
50,127,2024-12-18 20:05:05.995373,256,275,239,233,36,87
51,128,2024-12-18 20:05:06.012039,257,275,240,233,35,87
52,129,2024-12-18 20:05:06.028706,257,275,241,233,35,87
53,130,2024-12-18 20:05:06.045373,258,275,241,233,35,87
54,131,2024-12-18 20:05:06.062039,258,275,242,233,35,87
55,132,2024-12-18 20:05:06.078706,258,275,242,233,35,87
56,133,2024-12-18 20:05:06.095373,259,275,242,233,35,87
57,134,2024-12-18 20:05:06.112039,259,275,243,233,35,87
58,135,2024-12-18 20:05:06.128706,260,275,243,233,35,87
59,136,2024-12-18 20:05:06.145373,260,275,244,232,35,87
60,137,2024-12-18 20:05:06.162039,261,274,244,232,35,87
61,138,2024-12-18 20:05:06.178706,261,274,244,232,35,87
62,139,2024-12-18 20:05:06.195373,260,274,244,232,35,86
63,140,2024-12-18 20:05:06.212039,260,273,244,232,34,86
64,141,2024-12-18 20:05:06.228706,260,273,243,231,35,87
65,142,2024-12-18 20:05:06.245373,259,273,243,232,34,85
66,143,2024-12-18 20:05:06.262039,259,273,243,232,34,85
67,144,2024-12-18 20:05:06.278706,258,272,242,232,34,85
68,145,2024-12-18 20:05:06.295373,256,272,240,231,35,85
69,146,2024-12-18 20:05:06.312039,255,272,239,231,34,85
70,147,2024-12-18 20:05:06.328706,254,272,238,231,34,85
71,148,2024-12-18 20:05:06.345373,253,271,237,231,34,84
72,149,2024-12-18 20:05:06.362039,252,271,236,230,34,84
73,150,2024-12-18 20:05:06.378706,251,270,235,230,34,84
74,151,2024-12-18 20:05:06.395373,251,270,235,230,33,83
75,152,2024-12-18 20:05:06.412039,250,270,234,229,33,84
76,153,2024-12-18 20:05:06.428706,249,270,233,229,33,84
77,154,2024-12-18 20:05:06.445373,248,270,232,230,34,82
78,155,2024-12-18 20:05:06.462039,248,270,232,230,33,82
79,156,2024-12-18 20:05:06.478706,248,269,232,229,33,83
80,157,2024-12-18 20:05:06.495373,247,268,232,229,33,82
81,158,2024-12-18 20:05:06.512039,247,268,231,229,33,82
82,159,2024-12-18 20:05:06.528706,247,268,231,229,33,81
83,160,2024-12-18 20:05:06.545373,246,268,231,229,32,81
84,161,2024-12-18 20:05:06.562039,246,268,230,229,33,81
85,162,2024-12-18 20:05:06.578706,244,268,229,229,32,80
86,163,2024-12-18 20:05:06.595373,243,267,228,228,33,81
87,164,2024-12-18 20:05:06.612039,243,267,228,228,32,80
88,165,2024-12-18 20:05:06.628706,243,267,228,229,32,79
89,166,2024-12-18 20:05:06.645373,243,267,228,229,32,79
90,167,2024-12-18 20:05:06.662039,243,267,228,229,32,79
91,168,2024-12-18 20:05:06.678706,242,266,227,229,32,79
92,169,2024-12-18 20:05:06.695373,242,267,227,229,31,79
93,170,2024-12-18 20:05:06.712039,241,267,226,229,32,79
94,171,2024-12-18 20:05:06.728706,241,267,227,230,31,78
95,172,2024-12-18 20:05:06.745373,242,267,228,230,31,78
96,173,2024-12-18 20:05:06.762039,244,267,230,231,31,77
97,174,2024-12-18 20:05:06.778706,246,267,231,231,31,77
98,175,2024-12-18 20:05:06.795373,246,267,232,231,31,77
99,176,2024-12-18 20:05:06.812039,247,267,232,231,31,76
100,177,2024-12-18 20:05:06.828706,247,267,233,231,30,76
101,178,2024-12-18 20:05:06.845373,248,268,234,232,30,75
102,179,2024-12-18 20:05:06.862039,249,268,235,232,30,75
103,180,2024-12-18 20:05:06.878706,249,267,235,232,30,75
104,181,2024-12-18 20:05:06.895373,250,268,236,232,30,75
105,182,2024-12-18 20:05:06.912039,250,267,236,232,30,75
106,183,2024-12-18 20:05:06.928706,250,267,237,232,29,75
107,184,2024-12-18 20:05:06.945373,251,268,237,233,30,74
108,185,2024-12-18 20:05:06.962039,252,268,238,233,30,73
109,186,2024-12-18 20:05:06.978706,252,268,238,232,30,74
110,187,2024-12-18 20:05:06.995373,252,267,239,232,29,73
111,188,2024-12-18 20:05:07.012039,252,267,239,232,29,73
112,189,2024-12-18 20:05:07.028706,252,266,239,232,29,73
113,190,2024-12-18 20:05:07.045373,252,266,239,232,29,72
114,191,2024-12-18 20:05:07.062039,252,266,239,232,29,72
115,192,2024-12-18 20:05:07.078706,252,266,239,232,29,71
116,193,2024-12-18 20:05:07.095373,252,265,239,232,29,71
117,194,2024-12-18 20:05:07.112039,252,265,239,232,28,71
118,195,2024-12-18 20:05:07.128706,252,265,239,231,28,70
119,196,2024-12-18 20:05:07.145373,251,264,238,231,28,70
120,197,2024-12-18 20:05:07.162039,251,264,238,231,28,70
121,198,2024-12-18 20:05:07.178706,251,264,238,231,28,70
122,199,2024-12-18 20:05:07.195373,252,264,239,231,28,70
123,200,2024-12-18 20:05:07.212039,253,264,240,231,27,70
124,201,2024-12-18 20:05:07.228706,253,264,240,232,27,68
125,202,2024-12-18 20:05:07.245373,253,264,240,232,27,68
126,203,2024-12-18 20:05:07.262039,252,264,240,232,27,68
127,204,2024-12-18 20:05:07.278706,252,264,240,232,27,68
128,205,2024-12-18 20:05:07.295373,253,264,241,232,27,68
129,206,2024-12-18 20:05:07.312039,255,264,243,233,27,67
130,207,2024-12-18 20:05:07.328706,257,265,245,233,27,67
131,208,2024-12-18 20:05:07.345373,260,265,247,233,27,67
132,209,2024-12-18 20:05:07.362039,261,265,248,233,27,65
133,210,2024-12-18 20:05:07.378706,261,265,249,233,26,66
134,211,2024-12-18 20:05:07.395373,261,265,248,233,27,66
135,212,2024-12-18 20:05:07.412039,260,265,248,234,26,65
136,213,2024-12-18 20:05:07.428706,259,266,247,234,26,65
137,214,2024-12-18 20:05:07.445373,259,266,247,234,26,65
138,215,2024-12-18 20:05:07.462039,259,266,247,234,26,65
139,216,2024-12-18 20:05:07.478706,258,265,246,234,26,65
140,217,2024-12-18 20:05:07.495373,257,265,245,234,26,65
141,218,2024-12-18 20:05:07.512039,257,265,245,234,25,65
142,219,2024-12-18 20:05:07.528706,256,265,244,235,26,64
143,220,2024-12-18 20:05:07.545373,256,265,244,235,26,64
144,221,2024-12-18 20:05:07.562039,255,265,244,235,25,64
145,222,2024-12-18 20:05:07.578706,255,265,243,235,26,64
146,223,2024-12-18 20:05:07.595373,255,265,243,235,26,63
147,224,2024-12-18 20:05:07.612039,255,265,243,235,26,63
148,225,2024-12-18 20:05:07.628706,255,265,244,235,25,63
149,226,2024-12-18 20:05:07.645373,257,265,245,235,25,63
150,227,2024-12-18 20:05:07.662039,257,265,246,235,25,63
151,228,2024-12-18 20:05:07.678706,258,265,246,235,26,63
152,229,2024-12-18 20:05:07.695373,259,265,247,235,25,63
153,230,2024-12-18 20:05:07.712039,260,265,248,235,25,63
154,231,2024-12-18 20:05:07.728706,261,265,249,235,25,63
155,232,2024-12-18 20:05:07.745373,261,265,249,235,25,63
156,233,2024-12-18 20:05:07.762039,262,264,250,235,25,63
157,234,2024-12-18 20:05:07.778706,262,264,250,235,25,63
158,235,2024-12-18 20:05:07.795373,262,264,250,235,26,63
159,236,2024-12-18 20:05:07.812039,263,264,251,234,25,64
160,237,2024-12-18 20:05:07.828706,263,264,251,234,25,63
161,238,2024-12-18 20:05:07.845373,262,264,251,234,25,63
162,239,2024-12-18 20:05:07.862039,262,264,250,233,25,64
163,240,2024-12-18 20:05:07.878706,261,263,249,233,25,64
164,241,2024-12-18 20:05:07.895373,260,264,248,233,26,64
165,242,2024-12-18 20:05:07.912039,260,263,248,233,26,64
166,243,2024-12-18 20:05:07.928706,260,264,248,233,26,65
167,244,2024-12-18 20:05:07.945373,260,264,248,233,26,65
168,245,2024-12-18 20:05:07.962039,258,264,246,232,26,66
169,246,2024-12-18 20:05:07.978706,256,264,244,232,26,66
170,247,2024-12-18 20:05:07.995373,254,264,242,232,26,66
171,248,2024-12-18 20:05:08.012039,252,264,239,232,27,66
172,249,2024-12-18 20:05:08.028706,250,264,238,232,26,67
173,250,2024-12-18 20:05:08.045373,249,264,237,232,26,67
174,251,2024-12-18 20:05:08.062039,248,264,236,232,27,67
175,252,2024-12-18 20:05:08.078706,248,265,235,232,27,67
176,253,2024-12-18 20:05:08.095373,248,264,235,232,27,67
177,254,2024-12-18 20:05:08.112039,248,265,236,233,27,67
178,255,2024-12-18 20:05:08.128706,249,265,237,233,27,68
179,256,2024-12-18 20:05:08.145373,250,265,237,233,28,68
180,257,2024-12-18 20:05:08.162039,250,266,238,233,27,68
181,258,2024-12-18 20:05:08.178706,250,266,237,233,28,69
182,259,2024-12-18 20:05:08.195373,249,266,236,233,28,69
183,260,2024-12-18 20:05:08.212039,248,266,235,233,28,69
184,261,2024-12-18 20:05:08.228706,247,267,234,233,28,70
185,262,2024-12-18 20:05:08.245373,247,267,234,233,28,70
186,263,2024-12-18 20:05:08.262039,247,267,234,233,28,70
187,264,2024-12-18 20:05:08.278706,247,267,233,233,29,71
188,265,2024-12-18 20:05:08.295373,246,267,233,233,28,71
189,266,2024-12-18 20:05:08.312039,246,267,233,233,28,71
190,267,2024-12-18 20:05:08.328706,246,268,233,233,28,72
191,268,2024-12-18 20:05:08.345373,246,268,233,233,29,72
192,269,2024-12-18 20:05:08.362039,247,268,234,234,28,72
193,270,2024-12-18 20:05:08.378706,248,269,234,234,29,72
194,271,2024-12-18 20:05:08.395373,248,269,234,234,29,72
195,272,2024-12-18 20:05:08.412039,248,269,234,234,29,73
196,273,2024-12-18 20:05:08.428706,248,269,234,234,29,73
197,274,2024-12-18 20:05:08.445373,247,269,234,234,29,74
198,275,2024-12-18 20:05:08.462039,248,270,234,234,29,73
199,276,2024-12-18 20:05:08.478706,248,270,234,235,30,74
200,277,2024-12-18 20:05:08.495373,248,270,234,235,30,74
201,278,2024-12-18 20:05:08.512039,248,270,234,234,30,75
202,279,2024-12-18 20:05:08.528706,248,270,234,234,30,75
203,280,2024-12-18 20:05:08.545373,248,271,234,234,30,76
204,281,2024-12-18 20:05:08.562039,247,271,233,234,30,76
205,282,2024-12-18 20:05:08.578706,247,271,233,235,30,75
206,283,2024-12-18 20:05:08.595373,247,271,233,235,30,76
207,284,2024-12-18 20:05:08.612039,247,271,233,235,30,76
208,285,2024-12-18 20:05:08.628706,247,271,233,234,30,77
209,286,2024-12-18 20:05:08.645373,246,271,232,234,31,77
210,287,2024-12-18 20:05:08.662039,246,271,232,234,31,78
211,288,2024-12-18 20:05:08.678706,246,271,232,234,31,78
212,289,2024-12-18 20:05:08.695373,246,271,232,234,31,78
213,290,2024-12-18 20:05:08.712039,246,272,232,234,31,78
214,291,2024-12-18 20:05:08.728706,247,272,232,234,31,79
215,292,2024-12-18 20:05:08.745373,247,272,232,234,32,79
216,293,2024-12-18 20:05:08.762039,246,272,231,234,32,79
217,294,2024-12-18 20:05:08.778706,246,272,231,234,32,79
218,295,2024-12-18 20:05:08.795373,246,272,231,234,31,80
219,296,2024-12-18 20:05:08.812039,245,272,230,234,32,80
220,297,2024-12-18 20:05:08.828706,244,272,229,234,32,80
221,298,2024-12-18 20:05:08.845373,244,273,229,234,32,80
222,299,2024-12-18 20:05:08.862039,244,272,228,233,33,81
223,300,2024-12-18 20:05:08.878706,243,272,228,233,33,81
224,301,2024-12-18 20:05:08.895373,243,273,228,233,32,82
225,302,2024-12-18 20:05:08.912039,243,273,228,233,33,82
226,303,2024-12-18 20:05:08.928706,244,273,228,233,33,82
227,304,2024-12-18 20:05:08.945373,244,273,229,233,32,82
228,305,2024-12-18 20:05:08.962039,245,273,229,233,33,82
229,306,2024-12-18 20:05:08.978706,246,273,230,233,33,82
230,307,2024-12-18 20:05:08.995373,247,273,232,233,33,83
231,308,2024-12-18 20:05:09.012039,250,273,234,232,33,83
232,309,2024-12-18 20:05:09.028706,251,273,235,232,34,83
233,310,2024-12-18 20:05:09.045373,252,272,236,232,34,83
234,311,2024-12-18 20:05:09.062039,253,272,237,232,33,84
235,312,2024-12-18 20:05:09.078706,253,272,237,232,33,84
236,313,2024-12-18 20:05:09.095373,252,272,236,232,34,84
237,314,2024-12-18 20:05:09.112039,252,272,236,231,34,85
238,315,2024-12-18 20:05:09.128706,252,272,236,231,34,85
239,316,2024-12-18 20:05:09.145373,253,272,237,231,33,84
240,317,2024-12-18 20:05:09.162039,253,272,237,230,34,85
241,318,2024-12-18 20:05:09.178706,252,271,236,230,34,85
242,319,2024-12-18 20:05:09.195373,251,271,235,230,34,85
243,320,2024-12-18 20:05:09.212039,251,271,235,229,34,86
244,321,2024-12-18 20:05:09.228706,252,271,235,229,35,86
245,322,2024-12-18 20:05:09.245373,252,271,236,229,35,86
246,323,2024-12-18 20:05:09.262039,253,270,237,229,34,86
247,324,2024-12-18 20:05:09.278706,253,270,237,229,35,86
248,325,2024-12-18 20:05:09.295373,253,270,237,228,35,87
249,326,2024-12-18 20:05:09.312039,254,270,237,229,35,86
250,327,2024-12-18 20:05:09.328706,254,271,238,229,34,86
251,328,2024-12-18 20:05:09.345373,254,271,238,229,35,87
252,329,2024-12-18 20:05:09.362039,253,271,237,229,35,87
253,330,2024-12-18 20:05:09.378706,251,271,235,229,35,87
254,331,2024-12-18 20:05:09.395373,250,271,234,229,34,87
255,332,2024-12-18 20:05:09.412039,248,271,232,229,35,87
256,333,2024-12-18 20:05:09.428706,248,271,231,229,35,88
257,334,2024-12-18 20:05:09.445373,248,271,231,230,35,87
258,335,2024-12-18 20:05:09.462039,247,271,230,230,35,86
259,336,2024-12-18 20:05:09.478706,247,271,230,230,35,87
260,337,2024-12-18 20:05:09.495373,247,271,230,231,35,87
261,338,2024-12-18 20:05:09.512039,247,272,230,231,35,87
262,339,2024-12-18 20:05:09.528706,248,273,231,231,35,85
263,340,2024-12-18 20:05:09.545373,250,273,233,232,35,85
264,341,2024-12-18 20:05:09.562039,251,274,234,232,36,86
265,342,2024-12-18 20:05:09.578706,253,274,237,233,35,85
266,343,2024-12-18 20:05:09.595373,256,275,239,233,36,87
267,344,2024-12-18 20:05:09.612039,259,276,242,233,35,89
268,345,2024-12-18 20:05:09.628706,260,276,243,234,36,88
269,346,2024-12-18 20:05:09.645373,261,276,244,234,36,87
270,347,2024-12-18 20:05:09.662039,262,276,245,234,35,88
271,348,2024-12-18 20:05:09.678706,262,276,245,234,35,88
272,349,2024-12-18 20:05:09.695373,262,276,246,234,35,88
273,350,2024-12-18 20:05:09.712039,263,276,246,234,35,88
274,351,2024-12-18 20:05:09.728706,263,277,246,234,36,89
275,352,2024-12-18 20:05:09.745373,263,277,246,234,36,89
276,353,2024-12-18 20:05:09.762039,263,277,246,234,35,89
277,354,2024-12-18 20:05:09.778706,262,277,245,234,36,88
278,355,2024-12-18 20:05:09.795373,263,277,246,234,35,88
279,356,2024-12-18 20:05:09.812039,263,277,246,234,35,88
280,357,2024-12-18 20:05:09.828706,263,277,246,234,35,88
281,358,2024-12-18 20:05:09.845373,264,277,247,234,35,88
282,359,2024-12-18 20:05:09.862039,265,277,248,234,35,88
283,360,2024-12-18 20:05:09.878706,265,277,248,234,35,88
284,361,2024-12-18 20:05:09.895373,266,276,249,234,35,88
285,362,2024-12-18 20:05:09.912039,266,276,249,234,35,87
286,363,2024-12-18 20:05:09.928706,266,276,250,234,35,87
287,364,2024-12-18 20:05:09.945373,266,275,250,233,35,88
288,365,2024-12-18 20:05:09.962039,266,275,250,233,35,88
289,366,2024-12-18 20:05:09.978706,266,275,250,233,35,86
290,367,2024-12-18 20:05:09.995373,267,275,251,233,35,87
291,368,2024-12-18 20:05:10.012039,268,275,251,233,35,87
292,369,2024-12-18 20:05:10.028706,268,274,251,233,35,86
293,370,2024-12-18 20:05:10.045373,268,274,251,233,35,86
294,371,2024-12-18 20:05:10.062039,268,274,251,233,35,86
295,372,2024-12-18 20:05:10.078706,266,274,250,233,35,86
296,373,2024-12-18 20:05:10.095373,266,274,250,233,35,86
297,374,2024-12-18 20:05:10.112039,266,274,250,233,35,87
298,375,2024-12-18 20:05:10.128706,266,274,249,232,35,88
299,376,2024-12-18 20:05:10.145373,265,274,248,232,35,88
300,377,2024-12-18 20:05:10.162039,264,275,248,232,34,87
301,378,2024-12-18 20:05:10.178706,264,274,247,232,35,87
302,379,2024-12-18 20:05:10.195373,264,274,247,232,34,87
303,380,2024-12-18 20:05:10.212039,263,274,246,232,35,86
304,381,2024-12-18 20:05:10.228706,262,274,246,232,35,87
305,382,2024-12-18 20:05:10.245373,262,274,246,232,34,86
306,383,2024-12-18 20:05:10.262039,262,274,246,232,35,86
307,384,2024-12-18 20:05:10.278706,263,274,246,232,35,86
308,385,2024-12-18 20:05:10.295373,262,274,246,232,34,86
309,386,2024-12-18 20:05:10.312039,262,273,246,232,34,85
310,387,2024-12-18 20:05:10.328706,261,273,245,232,34,85
311,388,2024-12-18 20:05:10.345373,261,274,245,233,34,84
312,389,2024-12-18 20:05:10.362039,261,273,245,233,34,84
313,390,2024-12-18 20:05:10.378706,261,273,245,233,34,84
314,391,2024-12-18 20:05:10.395373,262,274,246,233,34,84
315,392,2024-12-18 20:05:10.412039,262,273,246,233,34,84
316,393,2024-12-18 20:05:10.428706,262,273,246,233,34,84
317,394,2024-12-18 20:05:10.445373,262,273,246,233,33,82
318,395,2024-12-18 20:05:10.462039,262,273,246,233,33,83
319,396,2024-12-18 20:05:10.478706,262,273,246,233,33,83
320,397,2024-12-18 20:05:10.495373,262,274,246,234,33,82
321,398,2024-12-18 20:05:10.512039,262,273,247,234,32,82
322,399,2024-12-18 20:05:10.528706,262,273,247,234,32,82
323,400,2024-12-18 20:05:10.545373,262,274,246,234,33,81
324,401,2024-12-18 20:05:10.562039,260,273,245,234,33,81
325,402,2024-12-18 20:05:10.578706,260,273,245,234,32,81
326,403,2024-12-18 20:05:10.595373,259,274,244,235,32,80
327,404,2024-12-18 20:05:10.612039,259,273,243,235,33,80
328,405,2024-12-18 20:05:10.628706,258,273,243,235,32,80
329,406,2024-12-18 20:05:10.645373,257,273,243,235,31,80
330,407,2024-12-18 20:05:10.662039,257,274,242,235,32,80
331,408,2024-12-18 20:05:10.678706,256,273,241,235,32,79
332,409,2024-12-18 20:05:10.695373,255,273,241,235,31,79
333,410,2024-12-18 20:05:10.712039,256,273,241,235,31,79
334,411,2024-12-18 20:05:10.728706,256,273,241,236,31,78
335,412,2024-12-18 20:05:10.745373,256,273,241,236,32,78
336,413,2024-12-18 20:05:10.762039,256,273,242,236,31,78
337,414,2024-12-18 20:05:10.778706,256,273,242,236,31,78
338,415,2024-12-18 20:05:10.795373,256,273,242,236,31,77
339,416,2024-12-18 20:05:10.812039,257,273,242,236,31,77
340,417,2024-12-18 20:05:10.828706,257,273,242,237,31,76
341,418,2024-12-18 20:05:10.845373,256,274,242,237,31,76
342,419,2024-12-18 20:05:10.862039,256,273,242,237,30,76
343,420,2024-12-18 20:05:10.878706,255,273,241,237,30,75
344,421,2024-12-18 20:05:10.895373,254,273,240,237,30,75
345,422,2024-12-18 20:05:10.912039,254,273,240,237,30,75
346,423,2024-12-18 20:05:10.928706,253,273,239,237,30,75
347,424,2024-12-18 20:05:10.945373,253,273,239,237,29,74
348,425,2024-12-18 20:05:10.962039,252,273,238,237,30,74
349,426,2024-12-18 20:05:10.978706,252,273,238,237,29,74
350,427,2024-12-18 20:05:10.995373,251,273,237,237,30,74
351,428,2024-12-18 20:05:11.012039,250,273,237,237,29,73
352,429,2024-12-18 20:05:11.028706,249,273,236,237,29,73
353,430,2024-12-18 20:05:11.045373,248,273,235,238,29,72
354,431,2024-12-18 20:05:11.062039,247,272,234,237,29,73
355,432,2024-12-18 20:05:11.078706,247,272,233,237,29,72
356,433,2024-12-18 20:05:11.095373,247,272,233,237,29,72
357,434,2024-12-18 20:05:11.112039,247,271,234,237,28,72
358,435,2024-12-18 20:05:11.128706,247,271,234,237,28,71
359,436,2024-12-18 20:05:11.145373,247,272,233,237,29,71
360,437,2024-12-18 20:05:11.162039,246,271,233,237,28,71
361,438,2024-12-18 20:05:11.178706,246,271,233,237,28,70
362,439,2024-12-18 20:05:11.195373,246,271,233,237,28,70
363,440,2024-12-18 20:05:11.212039,246,271,233,238,28,69
364,441,2024-12-18 20:05:11.228706,247,271,234,238,27,69
365,442,2024-12-18 20:05:11.245373,247,271,234,238,27,69
366,443,2024-12-18 20:05:11.262039,246,271,234,238,27,68
367,444,2024-12-18 20:05:11.278706,246,270,234,238,27,68
368,445,2024-12-18 20:05:11.295373,246,270,234,238,27,68
369,446,2024-12-18 20:05:11.312039,247,270,234,238,27,68
370,447,2024-12-18 20:05:11.328706,247,270,234,238,27,68
371,448,2024-12-18 20:05:11.345373,247,270,234,239,27,67
372,449,2024-12-18 20:05:11.362039,247,270,235,239,26,66
373,450,2024-12-18 20:05:11.378706,247,270,235,239,27,65
374,451,2024-12-18 20:05:11.395373,248,270,235,239,27,66
375,452,2024-12-18 20:05:11.412039,248,270,236,239,26,66
376,453,2024-12-18 20:05:11.428706,247,270,235,239,26,66
377,454,2024-12-18 20:05:11.445373,246,270,234,239,26,65
378,455,2024-12-18 20:05:11.462039,246,270,234,239,26,65
379,456,2024-12-18 20:05:11.478706,246,270,234,239,26,65
380,457,2024-12-18 20:05:11.495373,248,270,236,239,26,65
381,458,2024-12-18 20:05:11.512039,250,270,238,239,26,65
382,459,2024-12-18 20:05:11.528706,252,270,240,240,26,64
383,460,2024-12-18 20:05:11.545373,253,270,241,240,25,64
384,461,2024-12-18 20:05:11.562039,252,270,241,240,25,64
385,462,2024-12-18 20:05:11.578706,252,270,240,240,25,64
386,463,2024-12-18 20:05:11.595373,250,270,239,240,25,64
387,464,2024-12-18 20:05:11.612039,250,271,238,240,25,64
388,465,2024-12-18 20:05:11.628706,249,270,237,240,26,64
389,466,2024-12-18 20:05:11.645373,250,270,238,240,26,63
390,467,2024-12-18 20:05:11.662039,252,270,240,240,25,63
391,468,2024-12-18 20:05:11.678706,253,270,242,240,25,63
392,469,2024-12-18 20:05:11.695373,254,270,243,240,25,63
393,470,2024-12-18 20:05:11.712039,255,270,243,240,26,63
394,471,2024-12-18 20:05:11.728706,255,270,243,240,26,63
395,472,2024-12-18 20:05:11.745373,255,270,243,240,25,63
396,473,2024-12-18 20:05:11.762039,254,270,242,240,26,64
397,474,2024-12-18 20:05:11.778706,254,270,242,239,25,65
398,475,2024-12-18 20:05:11.795373,254,270,242,239,26,65
399,476,2024-12-18 20:05:11.812039,256,270,244,239,26,65
400,477,2024-12-18 20:05:11.828706,258,270,246,239,26,64
401,478,2024-12-18 20:05:11.845373,259,270,247,239,26,64
402,479,2024-12-18 20:05:11.862039,259,270,247,239,26,66
403,480,2024-12-18 20:05:11.878706,260,271,247,239,27,66
404,481,2024-12-18 20:05:11.895373,261,271,248,239,27,66
405,482,2024-12-18 20:05:11.912039,261,271,249,239,26,65
406,483,2024-12-18 20:05:11.928706,262,271,250,239,26,66
407,484,2024-12-18 20:05:11.945373,263,271,250,238,27,67
408,485,2024-12-18 20:05:11.962039,263,270,250,238,27,67
409,486,2024-12-18 20:05:11.978706,262,270,249,238,27,67
410,487,2024-12-18 20:05:11.995373,260,270,247,238,27,67
411,488,2024-12-18 20:05:12.012039,254,270,242,238,27,67
412,489,2024-12-18 20:05:12.028706,249,270,237,237,27,68
413,490,2024-12-18 20:05:12.045373,244,270,232,237,27,68
414,491,2024-12-18 20:05:12.062039,240,269,227,236,28,69
415,492,2024-12-18 20:05:12.078706,238,269,225,236,28,69
416,493,2024-12-18 20:05:12.095373,238,269,225,236,28,69
417,494,2024-12-18 20:05:12.112039,238,269,225,236,28,69
418,495,2024-12-18 20:05:12.128706,238,269,225,236,28,69
419,496,2024-12-18 20:05:12.145373,238,269,225,236,28,70
420,497,2024-12-18 20:05:12.162039,238,269,225,236,28,70
421,498,2024-12-18 20:05:12.178706,237,270,224,236,28,70
422,499,2024-12-18 20:05:12.195373,237,270,224,236,28,70
423,500,2024-12-18 20:05:12.212039,237,270,224,235,29,71
424,501,2024-12-18 20:05:12.228706,239,270,225,236,29,70
425,502,2024-12-18 20:05:12.245373,241,270,227,236,29,70
426,503,2024-12-18 20:05:12.262039,242,271,228,236,29,72
427,504,2024-12-18 20:05:12.278706,243,271,230,236,29,73
428,505,2024-12-18 20:05:12.295373,245,271,231,236,29,73
429,506,2024-12-18 20:05:12.312039,245,272,232,236,29,73
430,507,2024-12-18 20:05:12.328706,246,272,233,237,29,73
431,508,2024-12-18 20:05:12.345373,248,272,234,237,29,73
432,509,2024-12-18 20:05:12.362039,248,272,235,237,29,74
433,510,2024-12-18 20:05:12.378706,249,272,236,237,29,74
434,511,2024-12-18 20:05:12.395373,250,273,236,237,30,74
435,512,2024-12-18 20:05:12.412039,250,272,236,237,30,75
436,513,2024-12-18 20:05:12.428706,251,273,237,237,30,75
437,514,2024-12-18 20:05:12.445373,251,274,237,237,30,76
438,515,2024-12-18 20:05:12.462039,251,273,237,237,30,76
439,516,2024-12-18 20:05:12.478706,251,273,236,237,31,76
440,517,2024-12-18 20:05:12.495373,251,274,236,237,31,76
441,518,2024-12-18 20:05:12.512039,250,273,236,237,30,77
442,519,2024-12-18 20:05:12.528706,249,273,235,237,30,77
443,520,2024-12-18 20:05:12.545373,248,274,234,237,31,77
444,521,2024-12-18 20:05:12.562039,248,274,234,237,31,78
445,522,2024-12-18 20:05:12.578706,248,275,234,237,31,78
446,523,2024-12-18 20:05:12.595373,249,274,234,237,31,78
447,524,2024-12-18 20:05:12.612039,249,275,234,237,31,79
448,525,2024-12-18 20:05:12.628706,248,275,233,237,32,79
449,526,2024-12-18 20:05:12.645373,247,275,232,238,32,78
450,527,2024-12-18 20:05:12.662039,246,276,232,238,31,79
451,528,2024-12-18 20:05:12.678706,247,275,232,238,31,79
452,529,2024-12-18 20:05:12.695373,247,275,232,238,32,79
453,530,2024-12-18 20:05:12.712039,247,276,232,238,32,80
454,531,2024-12-18 20:05:12.728706,246,276,231,238,32,80
455,532,2024-12-18 20:05:12.745373,245,277,230,238,32,81
456,533,2024-12-18 20:05:12.762039,244,277,228,238,33,81
457,534,2024-12-18 20:05:12.778706,242,278,226,238,33,81
458,535,2024-12-18 20:05:12.795373,239,278,224,238,33,82
459,536,2024-12-18 20:05:12.812039,236,278,221,238,33,82
460,537,2024-12-18 20:05:12.828706,234,278,219,238,33,82
461,538,2024-12-18 20:05:12.845373,233,278,218,238,33,82
462,539,2024-12-18 20:05:12.862039,233,278,218,237,33,83
463,540,2024-12-18 20:05:12.878706,234,277,218,237,33,83
464,541,2024-12-18 20:05:12.895373,234,278,219,237,33,83
465,542,2024-12-18 20:05:12.912039,235,277,220,237,33,83
466,543,2024-12-18 20:05:12.928706,236,278,221,237,33,83
467,544,2024-12-18 20:05:12.945373,237,277,222,237,33,83
468,545,2024-12-18 20:05:12.962039,239,277,223,237,34,84
469,546,2024-12-18 20:05:12.978706,240,277,225,237,33,84
470,547,2024-12-18 20:05:12.995373,242,277,226,237,34,83
471,548,2024-12-18 20:05:13.012039,244,277,228,237,33,83
472,549,2024-12-18 20:05:13.028706,246,277,230,237,34,83
473,550,2024-12-18 20:05:13.045373,248,277,232,237,34,84
474,551,2024-12-18 20:05:13.062039,250,278,234,237,34,84
475,552,2024-12-18 20:05:13.078706,252,277,236,237,34,85
476,553,2024-12-18 20:05:13.095373,253,277,237,237,34,84
477,554,2024-12-18 20:05:13.112039,254,277,238,237,34,84
478,555,2024-12-18 20:05:13.128706,255,277,238,237,35,84
479,556,2024-12-18 20:05:13.145373,254,277,238,236,35,86
480,557,2024-12-18 20:05:13.162039,254,277,238,236,34,84
481,558,2024-12-18 20:05:13.178706,252,277,236,236,35,84
482,559,2024-12-18 20:05:13.195373,250,277,234,236,35,86
483,560,2024-12-18 20:05:13.212039,248,276,232,235,35,86
484,561,2024-12-18 20:05:13.228706,248,276,231,235,35,87
485,562,2024-12-18 20:05:13.245373,247,276,230,235,35,87
486,563,2024-12-18 20:05:13.262039,246,275,230,234,34,85
487,564,2024-12-18 20:05:13.278706,246,275,229,234,35,87
488,565,2024-12-18 20:05:13.295373,246,275,229,234,35,87
489,566,2024-12-18 20:05:13.312039,245,275,228,234,35,87
490,567,2024-12-18 20:05:13.328706,244,275,228,234,35,88
491,568,2024-12-18 20:05:13.345373,243,275,227,234,35,88
492,569,2024-12-18 20:05:13.362039,242,275,225,234,35,86
493,570,2024-12-18 20:05:13.378706,241,276,224,234,35,88
494,571,2024-12-18 20:05:13.395373,240,276,224,234,35,88
495,572,2024-12-18 20:05:13.412039,240,276,223,234,35,88
496,573,2024-12-18 20:05:13.428706,239,276,223,234,35,88
497,574,2024-12-18 20:05:13.445373,240,276,224,234,35,88
498,575,2024-12-18 20:05:13.462039,241,276,224,234,35,88
499,576,2024-12-18 20:05:13.478706,242,276,225,234,35,88
500,577,2024-12-18 20:05:13.495373,243,276,226,234,35,88
501,578,2024-12-18 20:05:13.512039,243,276,226,234,36,88
502,579,2024-12-18 20:05:13.528706,244,276,227,234,35,89
503,580,2024-12-18 20:05:13.545373,245,276,228,234,35,89
504,581,2024-12-18 20:05:13.562039,246,276,229,234,35,89
505,582,2024-12-18 20:05:13.578706,247,276,230,235,35,86
506,583,2024-12-18 20:05:13.595373,248,276,231,235,35,86
507,584,2024-12-18 20:05:13.612039,248,276,231,235,35,87
508,585,2024-12-18 20:05:13.628706,248,276,231,235,35,87
509,586,2024-12-18 20:05:13.645373,248,277,231,235,35,89
510,587,2024-12-18 20:05:13.662039,248,277,231,236,35,88
511,588,2024-12-18 20:05:13.678706,248,277,231,236,35,88
512,589,2024-12-18 20:05:13.695373,248,277,231,236,35,88
513,590,2024-12-18 20:05:13.712039,247,277,230,236,36,88
514,591,2024-12-18 20:05:13.728706,247,277,230,236,35,88
515,592,2024-12-18 20:05:13.745373,246,278,229,236,35,88
516,593,2024-12-18 20:05:13.762039,245,277,228,236,35,87
517,594,2024-12-18 20:05:13.778706,243,277,226,235,35,88
518,595,2024-12-18 20:05:13.795373,242,277,225,235,35,87
519,596,2024-12-18 20:05:13.812039,241,276,224,235,35,87
520,597,2024-12-18 20:05:13.828706,240,276,223,235,35,87
521,598,2024-12-18 20:05:13.845373,239,276,222,234,35,88
522,599,2024-12-18 20:05:13.862039,239,276,222,234,35,87
523,600,2024-12-18 20:05:13.878706,238,275,222,234,35,87
524,601,2024-12-18 20:05:13.895373,238,275,221,234,35,87
525,602,2024-12-18 20:05:13.912039,238,275,221,233,35,87
526,603,2024-12-18 20:05:13.928706,238,275,221,233,35,87
527,604,2024-12-18 20:05:13.945373,237,274,221,233,35,87
528,605,2024-12-18 20:05:13.962039,237,274,221,233,35,87
529,606,2024-12-18 20:05:13.978706,238,275,221,233,35,86
530,607,2024-12-18 20:05:13.995373,238,274,222,232,35,87
531,608,2024-12-18 20:05:14.012039,239,274,223,232,34,87
532,609,2024-12-18 20:05:14.028706,240,274,224,232,34,87
533,610,2024-12-18 20:05:14.045373,240,273,224,232,35,86
534,611,2024-12-18 20:05:14.062039,241,274,225,232,34,86
535,612,2024-12-18 20:05:14.078706,241,273,225,232,34,86
536,613,2024-12-18 20:05:14.095373,240,273,224,231,35,87
537,614,2024-12-18 20:05:14.112039,241,273,224,231,35,87
538,615,2024-12-18 20:05:14.128706,242,273,225,231,35,87
539,616,2024-12-18 20:05:14.145373,243,273,226,231,35,86
540,617,2024-12-18 20:05:14.162039,244,273,228,232,34,85
541,618,2024-12-18 20:05:14.178706,245,273,229,232,34,85
542,619,2024-12-18 20:05:14.195373,246,273,230,232,34,85
543,620,2024-12-18 20:05:14.212039,246,273,230,232,34,85
544,621,2024-12-18 20:05:14.228706,245,273,230,232,33,85
545,622,2024-12-18 20:05:14.245373,245,273,229,232,34,85
546,623,2024-12-18 20:05:14.262039,245,273,229,232,34,84
547,624,2024-12-18 20:05:14.278706,245,273,229,232,34,84
548,625,2024-12-18 20:05:14.295373,246,273,230,232,33,84
549,626,2024-12-18 20:05:14.312039,246,273,230,232,34,84
550,627,2024-12-18 20:05:14.328706,246,273,230,233,34,83
551,628,2024-12-18 20:05:14.345373,246,273,230,233,33,83
552,629,2024-12-18 20:05:14.362039,246,273,230,233,33,83
553,630,2024-12-18 20:05:14.378706,246,273,230,233,33,82
554,631,2024-12-18 20:05:14.395373,247,273,231,233,33,82
555,632,2024-12-18 20:05:14.412039,246,273,230,233,33,82
556,633,2024-12-18 20:05:14.428706,246,273,230,233,33,82
557,634,2024-12-18 20:05:14.445373,245,273,230,233,32,82
558,635,2024-12-18 20:05:14.462039,245,273,229,233,33,82
559,636,2024-12-18 20:05:14.478706,245,273,229,234,33,81
560,637,2024-12-18 20:05:14.495373,244,273,229,234,32,81
561,638,2024-12-18 20:05:14.512039,243,273,228,234,32,80
562,639,2024-12-18 20:05:14.528706,242,273,227,234,32,80
563,640,2024-12-18 20:05:14.545373,241,273,226,234,32,80
564,641,2024-12-18 20:05:14.562039,240,273,225,235,32,79
565,642,2024-12-18 20:05:14.578706,240,273,225,235,32,79
566,643,2024-12-18 20:05:14.595373,240,273,226,235,31,79
567,644,2024-12-18 20:05:14.612039,241,273,226,235,31,79
568,645,2024-12-18 20:05:14.628706,241,273,226,235,31,79
569,646,2024-12-18 20:05:14.645373,241,273,226,236,31,78
570,647,2024-12-18 20:05:14.662039,241,273,226,236,32,76
571,648,2024-12-18 20:05:14.678706,241,273,227,236,31,76
572,649,2024-12-18 20:05:14.695373,241,273,227,236,31,77
573,650,2024-12-18 20:05:14.712039,241,273,227,236,31,77
574,651,2024-12-18 20:05:14.728706,241,273,227,236,30,77
575,652,2024-12-18 20:05:14.745373,240,273,226,236,30,76
576,653,2024-12-18 20:05:14.762039,239,273,225,236,30,76
577,654,2024-12-18 20:05:14.778706,239,273,225,236,30,76
578,655,2024-12-18 20:05:14.795373,238,272,224,237,30,75
579,656,2024-12-18 20:05:14.812039,237,273,224,237,29,74
580,657,2024-12-18 20:05:14.828706,237,273,223,237,30,74
581,658,2024-12-18 20:05:14.845373,237,273,223,237,30,74
582,659,2024-12-18 20:05:14.862039,236,273,223,236,29,74
583,660,2024-12-18 20:05:14.878706,236,272,222,236,30,74
584,661,2024-12-18 20:05:14.895373,235,272,222,236,29,74
585,662,2024-12-18 20:05:14.912039,235,272,222,236,29,73
586,663,2024-12-18 20:05:14.928706,235,271,221,236,30,73
587,664,2024-12-18 20:05:14.945373,235,271,221,236,29,73
588,665,2024-12-18 20:05:14.962039,235,271,222,236,29,72
589,666,2024-12-18 20:05:14.978706,235,271,222,236,29,72
590,667,2024-12-18 20:05:14.995373,236,271,223,236,28,72
591,668,2024-12-18 20:05:15.012039,237,270,224,236,28,70
592,669,2024-12-18 20:05:15.028706,239,270,225,236,29,70
593,670,2024-12-18 20:05:15.045373,240,270,227,236,28,71
594,671,2024-12-18 20:05:15.062039,242,270,229,236,28,71
595,672,2024-12-18 20:05:15.078706,243,270,230,236,28,70
596,673,2024-12-18 20:05:15.095373,244,270,231,236,28,70
597,674,2024-12-18 20:05:15.112039,245,269,232,236,28,70
598,675,2024-12-18 20:05:15.128706,247,269,234,236,27,69
599,676,2024-12-18 20:05:15.145373,247,269,234,236,28,69
600,677,2024-12-18 20:05:15.162039,247,269,234,236,28,68
601,678,2024-12-18 20:05:15.178706,246,268,233,236,28,68
602,679,2024-12-18 20:05:15.195373,244,268,231,236,28,67
603,680,2024-12-18 20:05:15.212039,242,267,229,235,27,66
604,681,2024-12-18 20:05:15.228706,240,267,228,235,27,67
605,682,2024-12-18 20:05:15.245373,239,267,227,235,26,67
606,683,2024-12-18 20:05:15.262039,238,267,226,235,27,66
607,684,2024-12-18 20:05:15.278706,238,267,226,235,27,65
608,685,2024-12-18 20:05:15.295373,239,267,227,235,26,66
609,686,2024-12-18 20:05:15.312039,239,266,227,235,26,66
610,687,2024-12-18 20:05:15.328706,240,266,227,235,27,65
611,688,2024-12-18 20:05:15.345373,240,266,228,235,26,65
612,689,2024-12-18 20:05:15.362039,240,266,228,235,26,65
613,690,2024-12-18 20:05:15.378706,240,266,228,235,26,65
614,691,2024-12-18 20:05:15.395373,240,266,228,235,26,65
615,692,2024-12-18 20:05:15.412039,240,266,228,235,26,65
616,693,2024-12-18 20:05:15.428706,239,266,227,235,26,65
617,694,2024-12-18 20:05:15.445373,238,266,226,235,26,64
618,695,2024-12-18 20:05:15.462039,238,266,226,235,26,64
619,696,2024-12-18 20:05:15.478706,238,266,226,235,26,64
620,697,2024-12-18 20:05:15.495373,238,266,227,235,25,64
621,698,2024-12-18 20:05:15.512039,239,266,227,235,26,64
622,699,2024-12-18 20:05:15.528706,239,266,228,235,25,64
623,700,2024-12-18 20:05:15.545373,240,266,229,235,25,64
624,701,2024-12-18 20:05:15.562039,242,266,230,235,25,64
625,702,2024-12-18 20:05:15.578706,245,266,233,236,25,63
626,703,2024-12-18 20:05:15.595373,248,266,237,236,25,63
627,704,2024-12-18 20:05:15.612039,251,266,239,236,25,63
628,705,2024-12-18 20:05:15.628706,253,266,241,236,26,63
629,706,2024-12-18 20:05:15.645373,255,266,243,236,25,63
630,707,2024-12-18 20:05:15.662039,256,266,245,236,25,63
631,708,2024-12-18 20:05:15.678706,257,266,245,236,26,63
632,709,2024-12-18 20:05:15.695373,257,266,246,236,25,63
633,710,2024-12-18 20:05:15.712039,257,266,245,236,26,63
634,711,2024-12-18 20:05:15.728706,256,267,244,236,26,64
635,712,2024-12-18 20:05:15.745373,255,266,243,236,26,64
636,713,2024-12-18 20:05:15.762039,254,267,242,236,26,65
637,714,2024-12-18 20:05:15.778706,252,267,240,236,26,65
638,715,2024-12-18 20:05:15.795373,251,266,239,236,26,65
639,716,2024-12-18 20:05:15.812039,251,266,239,236,26,61
640,717,2024-12-18 20:05:15.828706,250,266,238,236,26,65
641,718,2024-12-18 20:05:15.845373,249,266,237,236,26,66
642,719,2024-12-18 20:05:15.862039,248,267,236,236,26,65
643,720,2024-12-18 20:05:15.878706,248,266,235,236,27,66
644,721,2024-12-18 20:05:15.895373,247,267,235,236,26,66
645,722,2024-12-18 20:05:15.912039,247,267,235,236,26,67
646,723,2024-12-18 20:05:15.928706,247,267,234,236,27,67
647,724,2024-12-18 20:05:15.945373,246,267,233,236,27,67
648,725,2024-12-18 20:05:15.962039,245,268,233,236,26,67
649,726,2024-12-18 20:05:15.978706,245,267,233,236,27,67
650,727,2024-12-18 20:05:15.995373,246,268,233,236,27,68
651,728,2024-12-18 20:05:16.012039,247,268,234,236,28,68
652,729,2024-12-18 20:05:16.028706,248,269,235,236,28,68
653,730,2024-12-18 20:05:16.045373,249,269,236,236,28,69
654,731,2024-12-18 20:05:16.062039,250,269,237,236,27,69
655,732,2024-12-18 20:05:16.078706,250,268,237,235,28,70
656,733,2024-12-18 20:05:16.095373,250,268,237,235,28,70
657,734,2024-12-18 20:05:16.112039,251,269,238,235,28,70
658,735,2024-12-18 20:05:16.128706,251,269,238,235,28,70
659,736,2024-12-18 20:05:16.145373,252,269,239,235,28,70
660,737,2024-12-18 20:05:16.162039,252,269,239,235,28,71
661,738,2024-12-18 20:05:16.178706,252,269,239,235,28,71
662,739,2024-12-18 20:05:16.195373,252,268,238,234,29,72
663,740,2024-12-18 20:05:16.212039,251,268,237,234,29,72
664,741,2024-12-18 20:05:16.228706,250,268,237,234,29,72
665,742,2024-12-18 20:05:16.245373,250,267,236,233,29,73
666,743,2024-12-18 20:05:16.262039,249,267,236,233,29,73
667,744,2024-12-18 20:05:16.278706,249,268,236,233,29,73
668,745,2024-12-18 20:05:16.295373,250,267,236,233,29,73
669,746,2024-12-18 20:05:16.312039,250,267,236,233,29,73
670,747,2024-12-18 20:05:16.328706,250,267,236,233,30,74
671,748,2024-12-18 20:05:16.345373,251,268,237,233,29,74
672,749,2024-12-18 20:05:16.362039,251,268,237,233,30,74
673,750,2024-12-18 20:05:16.378706,252,269,238,233,30,75
674,751,2024-12-18 20:05:16.395373,252,269,238,233,30,75
675,752,2024-12-18 20:05:16.412039,253,269,239,233,30,75
676,753,2024-12-18 20:05:16.428706,254,269,239,233,31,75
677,754,2024-12-18 20:05:16.445373,254,269,240,233,30,76
678,755,2024-12-18 20:05:16.462039,254,269,240,233,30,76
679,756,2024-12-18 20:05:16.478706,254,269,239,233,31,76
680,757,2024-12-18 20:05:16.495373,253,270,239,232,31,77
681,758,2024-12-18 20:05:16.512039,252,270,238,232,31,78
682,759,2024-12-18 20:05:16.528706,252,270,238,232,31,78
683,760,2024-12-18 20:05:16.545373,252,270,237,232,32,78
684,761,2024-12-18 20:05:16.562039,252,270,237,232,31,79
685,762,2024-12-18 20:05:16.578706,252,271,237,233,31,78
686,763,2024-12-18 20:05:16.595373,252,271,237,233,32,78
687,764,2024-12-18 20:05:16.612039,252,271,237,233,32,78
688,765,2024-12-18 20:05:16.628706,252,271,237,233,31,79
689,766,2024-12-18 20:05:16.645373,251,271,237,233,31,79
690,767,2024-12-18 20:05:16.662039,252,271,237,233,31,79
691,768,2024-12-18 20:05:16.678706,252,272,237,233,32,80
692,769,2024-12-18 20:05:16.695373,252,271,237,233,32,80
693,770,2024-12-18 20:05:16.712039,253,271,237,233,33,80
694,771,2024-12-18 20:05:16.728706,253,271,238,232,32,81
695,772,2024-12-18 20:05:16.745373,253,271,238,232,32,81
696,773,2024-12-18 20:05:16.762039,253,271,238,232,33,81
697,774,2024-12-18 20:05:16.778706,254,272,238,232,33,82
698,775,2024-12-18 20:05:16.795373,253,272,238,232,33,82
699,776,2024-12-18 20:05:16.812039,253,271,238,232,33,82
700,777,2024-12-18 20:05:16.828706,254,272,238,232,33,83
701,778,2024-12-18 20:05:16.845373,254,272,238,232,33,83
702,779,2024-12-18 20:05:16.862039,254,273,238,232,33,83
703,780,2024-12-18 20:05:16.878706,254,273,238,233,33,83
704,781,2024-12-18 20:05:16.895373,254,273,238,233,34,83
705,782,2024-12-18 20:05:16.912039,254,273,238,233,34,83
706,783,2024-12-18 20:05:16.928706,255,273,239,233,33,83
707,784,2024-12-18 20:05:16.945373,254,273,238,233,34,84
708,785,2024-12-18 20:05:16.962039,254,273,238,233,34,84
709,786,2024-12-18 20:05:16.978706,254,274,238,233,34,84
710,787,2024-12-18 20:05:16.995373,254,273,238,233,34,84
711,788,2024-12-18 20:05:17.012039,254,274,238,233,34,84
712,789,2024-12-18 20:05:17.028706,253,273,237,232,34,85
713,790,2024-12-18 20:05:17.045373,253,273,237,232,34,85
714,791,2024-12-18 20:05:17.062039,253,273,237,232,34,85
715,792,2024-12-18 20:05:17.078706,255,273,239,232,34,85
716,793,2024-12-18 20:05:17.095373,256,273,240,232,35,85
717,794,2024-12-18 20:05:17.112039,258,273,242,232,34,85
718,795,2024-12-18 20:05:17.128706,259,273,243,231,34,86
719,796,2024-12-18 20:05:17.145373,260,273,243,231,35,87
720,797,2024-12-18 20:05:17.162039,260,273,243,231,35,87
721,798,2024-12-18 20:05:17.178706,259,273,243,231,34,87
722,799,2024-12-18 20:05:17.195373,258,273,242,231,35,87
723,800,2024-12-18 20:05:17.212039,258,274,242,232,34,86
724,801,2024-12-18 20:05:17.228706,258,274,241,232,35,87
725,802,2024-12-18 20:05:17.245373,258,274,241,232,35,87
726,803,2024-12-18 20:05:17.262039,257,274,241,232,35,87
727,804,2024-12-18 20:05:17.278706,257,274,241,232,35,87
728,805,2024-12-18 20:05:17.295373,258,274,241,232,35,87
729,806,2024-12-18 20:05:17.312039,258,274,241,232,35,87
730,807,2024-12-18 20:05:17.328706,258,274,241,232,35,87
731,808,2024-12-18 20:05:17.345373,258,274,241,232,35,88
732,809,2024-12-18 20:05:17.362039,257,275,241,232,35,88
733,810,2024-12-18 20:05:17.378706,257,275,240,232,35,88
734,811,2024-12-18 20:05:17.395373,256,275,239,232,36,88
735,812,2024-12-18 20:05:17.412039,255,275,238,232,35,88
736,813,2024-12-18 20:05:17.428706,253,275,236,232,35,88
737,814,2024-12-18 20:05:17.445373,250,275,234,232,35,88
738,815,2024-12-18 20:05:17.462039,249,275,232,232,35,88
739,816,2024-12-18 20:05:17.478706,247,275,230,232,36,88
740,817,2024-12-18 20:05:17.495373,246,275,229,232,35,88
741,818,2024-12-18 20:05:17.512039,245,275,228,232,36,88
742,819,2024-12-18 20:05:17.528706,245,274,228,232,35,89
743,820,2024-12-18 20:05:17.545373,245,275,228,232,35,89
744,821,2024-12-18 20:05:17.562039,245,275,228,232,35,89
745,822,2024-12-18 20:05:17.578706,245,275,228,232,36,89
746,823,2024-12-18 20:05:17.595373,246,275,229,233,35,88
747,824,2024-12-18 20:05:17.612039,247,274,230,233,35,88
748,825,2024-12-18 20:05:17.628706,248,275,231,233,35,88
749,826,2024-12-18 20:05:17.645373,249,275,232,233,36,88
750,827,2024-12-18 20:05:17.662039,250,274,234,232,35,88
751,828,2024-12-18 20:05:17.678706,252,275,235,232,35,88
752,829,2024-12-18 20:05:17.695373,254,275,238,232,35,88
753,830,2024-12-18 20:05:17.712039,257,274,240,233,35,86
754,831,2024-12-18 20:05:17.728706,259,274,242,233,35,88
755,832,2024-12-18 20:05:17.745373,260,275,244,233,35,88
756,833,2024-12-18 20:05:17.762039,262,274,245,233,36,88
757,834,2024-12-18 20:05:17.778706,264,276,247,233,35,88
758,835,2024-12-18 20:05:17.795373,265,276,248,233,35,88
759,836,2024-12-18 20:05:17.812039,266,276,249,233,35,88
760,837,2024-12-18 20:05:17.828706,266,276,250,234,35,87
761,838,2024-12-18 20:05:17.845373,266,275,250,233,35,88
762,839,2024-12-18 20:05:17.862039,266,275,249,233,35,88
763,840,2024-12-18 20:05:17.878706,265,276,249,233,34,88
764,841,2024-12-18 20:05:17.895373,264,276,247,233,35,88
765,842,2024-12-18 20:05:17.912039,262,276,246,233,35,88
766,843,2024-12-18 20:05:17.928706,261,276,245,234,35,86
767,844,2024-12-18 20:05:17.945373,260,276,244,233,35,87
768,845,2024-12-18 20:05:17.962039,259,275,243,233,34,87
769,846,2024-12-18 20:05:17.978706,257,275,241,233,35,87
770,847,2024-12-18 20:05:17.995373,256,275,239,233,35,87
771,848,2024-12-18 20:05:18.012039,254,275,238,233,34,86
772,849,2024-12-18 20:05:18.028706,253,275,236,233,35,86
773,850,2024-12-18 20:05:18.045373,252,275,235,233,35,86
774,851,2024-12-18 20:05:18.062039,251,275,235,233,34,86
775,852,2024-12-18 20:05:18.078706,251,274,235,233,34,86
776,853,2024-12-18 20:05:18.095373,251,274,235,233,34,86
777,854,2024-12-18 20:05:18.112039,251,274,235,233,35,85
778,855,2024-12-18 20:05:18.128706,253,274,237,233,34,85
779,856,2024-12-18 20:05:18.145373,256,274,240,233,34,85
780,857,2024-12-18 20:05:18.162039,259,274,243,233,34,85
781,858,2024-12-18 20:05:18.178706,261,274,245,233,34,85
782,859,2024-12-18 20:05:18.195373,263,274,247,233,34,85
783,860,2024-12-18 20:05:18.212039,265,274,249,233,33,85
784,861,2024-12-18 20:05:18.228706,265,274,249,233,34,85
785,862,2024-12-18 20:05:18.245373,266,273,251,233,33,84
786,863,2024-12-18 20:05:18.262039,268,274,252,233,34,84
787,864,2024-12-18 20:05:18.278706,269,274,253,233,34,84
788,865,2024-12-18 20:05:18.295373,269,274,253,234,33,83
789,866,2024-12-18 20:05:18.312039,267,274,251,233,33,84
790,867,2024-12-18 20:05:18.328706,263,274,247,233,33,83
791,868,2024-12-18 20:05:18.345373,256,273,240,233,33,83
792,869,2024-12-18 20:05:18.362039,244,272,228,233,33,82
793,870,2024-12-18 20:05:18.378706,224,272,208,232,33,82
794,871,2024-12-18 20:05:18.395373,199,271,183,232,33,82
795,872,2024-12-18 20:05:18.412039,173,272,157,232,34,82
796,873,2024-12-18 20:05:18.428706,150,273,134,233,34,81
797,874,2024-12-18 20:05:18.445373,131,273,115,234,34,82
798,875,2024-12-18 20:05:18.462039,114,274,98,234,34,83
799,876,2024-12-18 20:05:18.478706,99,273,82,233,35,83
800,877,2024-12-18 20:05:18.495373,85,273,69,232,35,84
801,878,2024-12-18 20:05:18.512039,73,272,57,232,35,83
802,879,2024-12-18 20:05:18.528706,62,272,45,232,36,83
803,880,2024-12-18 20:05:18.545373,52,272,35,232,36,84
804,881,2024-12-18 20:05:18.562039,44,273,27,232,36,84
805,882,2024-12-18 20:05:18.578706,35,273,18,232,36,85
806,883,2024-12-18 20:05:18.595373,26,273,9,232,37,85
807,884,2024-12-18 20:05:18.612039,17,273,0,232,36,85
808,885,2024-12-18 20:05:18.628706,11,274,0,232,25,85
809,886,2024-12-18 20:05:18.645373,5,273,0,233,12,83
810,928,2024-12-18 20:05:19.345373,0,266,0,239,2,55
811,929,2024-12-18 20:05:19.362039,8,265,0,231,18,71
812,930,2024-12-18 20:05:19.378706,14,265,0,232,30,70
813,931,2024-12-18 20:05:19.395373,24,265,10,232,30,70
814,932,2024-12-18 20:05:19.412039,33,266,20,233,29,69
815,933,2024-12-18 20:05:19.428706,41,266,28,233,29,69
816,934,2024-12-18 20:05:19.445373,48,266,35,234,29,68
817,935,2024-12-18 20:05:19.462039,54,266,41,234,29,68
818,936,2024-12-18 20:05:19.478706,59,266,46,234,29,68
819,937,2024-12-18 20:05:19.495373,64,266,51,234,29,67
820,938,2024-12-18 20:05:19.512039,72,266,58,234,29,67
821,939,2024-12-18 20:05:19.528706,81,265,68,234,28,66
822,940,2024-12-18 20:05:19.545373,93,265,80,234,28,66
823,941,2024-12-18 20:05:19.562039,107,265,94,233,27,66
824,942,2024-12-18 20:05:19.578706,122,264,109,234,27,65
825,943,2024-12-18 20:05:19.595373,139,265,127,234,26,65
826,944,2024-12-18 20:05:19.612039,158,266,146,235,27,65
827,945,2024-12-18 20:05:19.628706,178,267,166,236,26,65
828,946,2024-12-18 20:05:19.645373,195,267,183,236,26,65
829,947,2024-12-18 20:05:19.662039,210,267,198,236,26,65
830,948,2024-12-18 20:05:19.678706,225,267,213,236,26,66
831,949,2024-12-18 20:05:19.695373,242,267,230,236,26,65
832,950,2024-12-18 20:05:19.712039,262,267,249,236,27,66
833,951,2024-12-18 20:05:19.728706,284,267,272,236,26,66
834,952,2024-12-18 20:05:19.745373,308,268,295,236,27,67
835,953,2024-12-18 20:05:19.762039,330,270,317,237,28,68
836,954,2024-12-18 20:05:19.778706,349,271,336,238,28,68
837,955,2024-12-18 20:05:19.795373,363,271,350,238,29,69
838,956,2024-12-18 20:05:19.812039,375,271,362,238,29,69
839,957,2024-12-18 20:05:19.828706,385,272,372,239,28,69
840,958,2024-12-18 20:05:19.845373,392,272,378,239,29,69
841,959,2024-12-18 20:05:19.862039,395,272,382,239,29,70
842,960,2024-12-18 20:05:19.878706,398,272,385,238,29,71
843,961,2024-12-18 20:05:19.895373,401,272,388,238,29,71
844,962,2024-12-18 20:05:19.912039,405,272,392,238,29,71
845,963,2024-12-18 20:05:19.928706,413,272,399,238,30,71
846,964,2024-12-18 20:05:19.945373,424,272,410,237,31,73
847,965,2024-12-18 20:05:19.962039,439,273,424,237,31,74
848,966,2024-12-18 20:05:19.978706,456,273,441,237,32,75
849,967,2024-12-18 20:05:19.995373,473,274,457,237,33,76
850,968,2024-12-18 20:05:20.012039,483,273,467,236,33,77
851,969,2024-12-18 20:05:20.028706,485,273,471,236,29,77
852,970,2024-12-18 20:05:20.045373,484,272,469,235,31,77
853,971,2024-12-18 20:05:20.062039,477,271,461,234,34,77
854,972,2024-12-18 20:05:20.078706,466,271,451,233,33,78
855,973,2024-12-18 20:05:20.095373,451,269,435,232,33,77
856,974,2024-12-18 20:05:20.112039,429,267,414,231,32,76
857,975,2024-12-18 20:05:20.128706,404,266,389,230,31,76
858,976,2024-12-18 20:05:20.145373,378,265,363,229,31,75
859,977,2024-12-18 20:05:20.162039,356,265,341,229,31,75
860,978,2024-12-18 20:05:20.178706,340,265,326,229,31,75
861,979,2024-12-18 20:05:20.195373,329,264,315,229,30,74
862,980,2024-12-18 20:05:20.212039,319,264,305,228,31,75
863,981,2024-12-18 20:05:20.228706,312,263,298,227,30,75
864,982,2024-12-18 20:05:20.245373,306,263,292,227,30,75
865,983,2024-12-18 20:05:20.262039,304,263,289,227,31,75
866,984,2024-12-18 20:05:20.278706,303,263,289,227,31,75
867,985,2024-12-18 20:05:20.295373,303,264,289,227,31,76
868,986,2024-12-18 20:05:20.312039,303,264,288,227,31,77
869,987,2024-12-18 20:05:20.328706,300,264,286,227,31,77
870,988,2024-12-18 20:05:20.345373,297,264,282,227,31,77
871,989,2024-12-18 20:05:20.362039,293,264,278,227,31,77
872,990,2024-12-18 20:05:20.378706,288,264,273,227,31,77
873,991,2024-12-18 20:05:20.395373,282,265,267,227,31,78
874,992,2024-12-18 20:05:20.412039,275,265,260,227,32,78
875,993,2024-12-18 20:05:20.428706,268,265,254,228,31,78
876,994,2024-12-18 20:05:20.445373,261,265,246,228,32,78
877,995,2024-12-18 20:05:20.462039,253,265,239,227,31,79
878,996,2024-12-18 20:05:20.478706,245,265,230,227,31,79
879,997,2024-12-18 20:05:20.495373,235,265,220,227,32,79
880,998,2024-12-18 20:05:20.512039,227,264,212,227,32,79
881,999,2024-12-18 20:05:20.528706,220,265,205,227,32,80
882,1000,2024-12-18 20:05:20.545373,215,266,199,227,33,80
883,1001,2024-12-18 20:05:20.562039,209,265,193,227,33,80
884,1002,2024-12-18 20:05:20.578706,202,265,186,226,33,81
885,1003,2024-12-18 20:05:20.595373,193,265,178,226,33,81
886,1004,2024-12-18 20:05:20.612039,185,266,170,226,33,82
887,1005,2024-12-18 20:05:20.628706,178,266,162,227,33,81
888,1006,2024-12-18 20:05:20.645373,173,267,157,227,33,82
889,1007,2024-12-18 20:05:20.662039,169,267,153,227,34,83
890,1008,2024-12-18 20:05:20.678706,165,267,149,227,34,83
891,1009,2024-12-18 20:05:20.695373,160,267,144,227,34,83
892,1010,2024-12-18 20:05:20.712039,154,267,138,227,34,84
893,1011,2024-12-18 20:05:20.728706,150,268,134,228,34,84
894,1012,2024-12-18 20:05:20.745373,145,268,128,228,35,84
895,1013,2024-12-18 20:05:20.762039,140,268,123,227,35,85
896,1014,2024-12-18 20:05:20.778706,134,267,118,227,35,85
897,1015,2024-12-18 20:05:20.795373,130,267,114,227,35,85
898,1016,2024-12-18 20:05:20.812039,128,268,111,227,35,85
899,1017,2024-12-18 20:05:20.828706,125,268,109,226,35,86
900,1018,2024-12-18 20:05:20.845373,122,268,105,226,36,87
901,1019,2024-12-18 20:05:20.862039,118,269,101,227,36,86
902,1020,2024-12-18 20:05:20.878706,114,269,97,227,36,87
903,1021,2024-12-18 20:05:20.895373,111,269,94,227,36,88
904,1022,2024-12-18 20:05:20.912039,110,270,92,227,37,88
905,1023,2024-12-18 20:05:20.928706,108,269,91,227,36,88
906,1024,2024-12-18 20:05:20.945373,107,269,89,226,37,88
907,1025,2024-12-18 20:05:20.962039,107,269,89,226,37,88
908,1026,2024-12-18 20:05:20.978706,110,269,93,226,36,88
909,1027,2024-12-18 20:05:20.995373,119,269,102,226,36,88
910,1028,2024-12-18 20:05:21.012039,134,269,117,227,36,88
911,1029,2024-12-18 20:05:21.028706,156,271,139,228,35,88
912,1030,2024-12-18 20:05:21.045373,180,272,164,230,35,87
913,1031,2024-12-18 20:05:21.062039,208,274,192,232,35,87
914,1032,2024-12-18 20:05:21.078706,236,275,220,233,35,87
915,1033,2024-12-18 20:05:21.095373,257,276,241,234,35,86
916,1034,2024-12-18 20:05:21.112039,270,276,254,233,35,88
917,1035,2024-12-18 20:05:21.128706,279,276,262,234,35,87
918,1036,2024-12-18 20:05:21.145373,285,276,268,234,35,87
919,1037,2024-12-18 20:05:21.162039,288,276,272,234,35,88
920,1038,2024-12-18 20:05:21.178706,288,276,271,234,35,88
921,1039,2024-12-18 20:05:21.195373,284,276,267,233,35,88
922,1040,2024-12-18 20:05:21.212039,278,275,261,233,35,88
923,1041,2024-12-18 20:05:21.228706,269,274,253,232,35,88
924,1042,2024-12-18 20:05:21.245373,260,274,243,232,36,87
925,1043,2024-12-18 20:05:21.262039,251,274,235,231,35,88
926,1044,2024-12-18 20:05:21.278706,245,274,229,231,35,88
927,1045,2024-12-18 20:05:21.295373,242,274,225,231,36,88
928,1046,2024-12-18 20:05:21.312039,239,273,223,231,35,88
929,1047,2024-12-18 20:05:21.328706,237,273,220,231,35,88
930,1048,2024-12-18 20:05:21.345373,234,273,218,230,35,89
931,1049,2024-12-18 20:05:21.362039,232,273,216,230,35,89
932,1050,2024-12-18 20:05:21.378706,230,273,214,230,35,89
933,1051,2024-12-18 20:05:21.395373,228,273,211,230,36,89
934,1052,2024-12-18 20:05:21.412039,223,272,207,230,35,88
935,1053,2024-12-18 20:05:21.428706,216,271,200,229,35,88
936,1054,2024-12-18 20:05:21.445373,209,271,193,228,35,89
937,1055,2024-12-18 20:05:21.462039,202,271,186,228,35,89
938,1056,2024-12-18 20:05:21.478706,195,271,178,228,36,89
939,1057,2024-12-18 20:05:21.495373,188,272,171,229,36,88
940,1058,2024-12-18 20:05:21.512039,182,272,165,228,36,89
941,1059,2024-12-18 20:05:21.528706,176,271,159,228,36,89
942,1060,2024-12-18 20:05:21.545373,170,271,153,228,36,89
943,1061,2024-12-18 20:05:21.562039,164,271,147,227,36,90
944,1062,2024-12-18 20:05:21.578706,160,271,143,228,36,89
945,1063,2024-12-18 20:05:21.595373,158,271,140,228,37,89
946,1064,2024-12-18 20:05:21.612039,157,271,140,227,36,90
947,1065,2024-12-18 20:05:21.628706,160,270,143,227,36,90
948,1066,2024-12-18 20:05:21.645373,166,270,149,227,37,89
949,1067,2024-12-18 20:05:21.662039,178,270,161,227,36,89
950,1068,2024-12-18 20:05:21.678706,195,270,178,227,36,89
951,1069,2024-12-18 20:05:21.695373,216,271,199,228,35,88
952,1070,2024-12-18 20:05:21.712039,239,272,222,229,35,88
953,1071,2024-12-18 20:05:21.728706,259,272,243,229,35,89
954,1072,2024-12-18 20:05:21.745373,273,272,257,229,35,88
955,1073,2024-12-18 20:05:21.762039,283,272,267,229,35,88
956,1074,2024-12-18 20:05:21.778706,290,272,273,229,35,88
957,1075,2024-12-18 20:05:21.795373,293,272,277,229,35,88
958,1076,2024-12-18 20:05:21.812039,294,272,278,230,35,88
959,1077,2024-12-18 20:05:21.828706,292,272,275,229,36,88
960,1078,2024-12-18 20:05:21.845373,289,272,272,229,35,88
961,1079,2024-12-18 20:05:21.862039,284,272,268,229,35,88
962,1080,2024-12-18 20:05:21.878706,280,271,263,229,35,87
963,1081,2024-12-18 20:05:21.895373,274,271,257,229,35,87
964,1082,2024-12-18 20:05:21.912039,268,271,251,229,35,87
965,1083,2024-12-18 20:05:21.928706,262,271,246,229,34,86
966,1084,2024-12-18 20:05:21.945373,258,271,242,229,34,86
967,1085,2024-12-18 20:05:21.962039,255,271,239,229,34,86
968,1086,2024-12-18 20:05:21.978706,254,271,238,230,34,86
969,1087,2024-12-18 20:05:21.995373,254,271,238,230,34,85
970,1088,2024-12-18 20:05:22.012039,255,271,239,230,34,85
971,1089,2024-12-18 20:05:22.028706,257,271,240,229,35,86
972,1090,2024-12-18 20:05:22.045373,258,271,242,229,34,86
973,1091,2024-12-18 20:05:22.062039,259,270,243,229,34,85
974,1092,2024-12-18 20:05:22.078706,259,270,243,229,34,85
975,1093,2024-12-18 20:05:22.095373,259,270,243,229,33,85
976,1094,2024-12-18 20:05:22.112039,258,269,242,229,33,84
977,1095,2024-12-18 20:05:22.128706,256,269,241,229,33,84
978,1096,2024-12-18 20:05:22.145373,255,269,239,229,34,83
979,1097,2024-12-18 20:05:22.162039,254,269,238,229,33,83
980,1098,2024-12-18 20:05:22.178706,253,268,237,229,33,83
981,1099,2024-12-18 20:05:22.195373,251,268,236,229,33,82
982,1100,2024-12-18 20:05:22.212039,249,268,234,229,33,82
983,1101,2024-12-18 20:05:22.228706,247,268,232,229,33,82
984,1102,2024-12-18 20:05:22.245373,247,268,231,229,33,82
985,1103,2024-12-18 20:05:22.262039,246,268,231,229,32,82
986,1104,2024-12-18 20:05:22.278706,247,268,231,230,33,81
987,1105,2024-12-18 20:05:22.295373,247,269,231,230,33,81
988,1106,2024-12-18 20:05:22.312039,246,268,231,230,32,79
989,1107,2024-12-18 20:05:22.328706,245,269,229,231,33,78
990,1108,2024-12-18 20:05:22.345373,244,269,228,231,33,81
991,1109,2024-12-18 20:05:22.362039,242,270,227,232,32,80
992,1110,2024-12-18 20:05:22.378706,241,269,226,232,32,80
993,1111,2024-12-18 20:05:22.395373,240,270,225,232,32,80
994,1112,2024-12-18 20:05:22.412039,239,270,224,232,32,79
995,1113,2024-12-18 20:05:22.428706,238,270,223,232,31,79
996,1114,2024-12-18 20:05:22.445373,237,270,222,232,32,79
997,1115,2024-12-18 20:05:22.462039,237,271,222,233,32,78
998,1116,2024-12-18 20:05:22.478706,236,271,222,233,31,78
999,1117,2024-12-18 20:05:22.495373,235,271,221,233,31,78
1000,1118,2024-12-18 20:05:22.512039,235,271,221,233,31,78
1001,1119,2024-12-18 20:05:22.528706,234,271,220,234,31,77
1002,1120,2024-12-18 20:05:22.545373,235,271,221,234,31,77
1003,1121,2024-12-18 20:05:22.562039,236,272,222,234,31,77
1004,1122,2024-12-18 20:05:22.578706,237,272,223,234,30,76
1005,1123,2024-12-18 20:05:22.595373,237,272,223,235,30,76
1006,1124,2024-12-18 20:05:22.612039,237,272,223,235,30,75
1007,1125,2024-12-18 20:05:22.628706,237,272,223,235,30,75
1008,1126,2024-12-18 20:05:22.645373,238,271,224,235,30,75
1009,1127,2024-12-18 20:05:22.662039,239,271,225,235,30,75
1010,1128,2024-12-18 20:05:22.678706,240,271,226,235,30,75
1011,1129,2024-12-18 20:05:22.695373,241,271,228,235,29,74
1012,1130,2024-12-18 20:05:22.712039,242,271,228,236,30,73
1013,1131,2024-12-18 20:05:22.728706,243,271,229,236,29,73
1014,1132,2024-12-18 20:05:22.745373,243,271,229,236,29,73
1015,1133,2024-12-18 20:05:22.762039,243,271,229,236,30,73
1016,1134,2024-12-18 20:05:22.778706,244,271,230,236,29,73
1017,1135,2024-12-18 20:05:22.795373,245,271,231,236,29,73
1018,1136,2024-12-18 20:05:22.812039,245,271,232,236,28,72
1019,1137,2024-12-18 20:05:22.828706,245,270,232,236,28,72
1020,1138,2024-12-18 20:05:22.845373,245,270,231,236,29,70
1021,1139,2024-12-18 20:05:22.862039,243,270,230,236,28,71
1022,1140,2024-12-18 20:05:22.878706,242,270,229,236,29,70
1023,1141,2024-12-18 20:05:22.895373,242,269,229,236,28,70
1024,1142,2024-12-18 20:05:22.912039,243,269,230,236,28,70
1025,1143,2024-12-18 20:05:22.928706,243,268,230,235,28,70
1026,1144,2024-12-18 20:05:22.945373,242,268,230,235,27,69
1027,1145,2024-12-18 20:05:22.962039,241,268,228,235,28,69
1028,1146,2024-12-18 20:05:22.978706,241,268,228,235,27,68
1029,1147,2024-12-18 20:05:22.995373,240,267,227,235,28,68
1030,1148,2024-12-18 20:05:23.012039,239,267,227,235,27,68
1031,1149,2024-12-18 20:05:23.028706,239,267,227,235,27,68
1032,1150,2024-12-18 20:05:23.045373,239,267,227,235,27,67
1033,1151,2024-12-18 20:05:23.062039,240,267,228,235,27,67
1034,1152,2024-12-18 20:05:23.078706,241,267,229,235,26,67
1035,1153,2024-12-18 20:05:23.095373,242,267,229,235,27,66
1036,1154,2024-12-18 20:05:23.112039,242,266,230,235,26,66
1037,1155,2024-12-18 20:05:23.128706,242,266,229,235,27,65
1038,1156,2024-12-18 20:05:23.145373,241,266,229,235,27,66
1039,1157,2024-12-18 20:05:23.162039,241,266,229,235,27,66
1040,1158,2024-12-18 20:05:23.178706,241,266,229,235,26,65
1041,1159,2024-12-18 20:05:23.195373,240,266,228,235,26,64
1042,1160,2024-12-18 20:05:23.212039,239,266,227,235,26,65
1043,1161,2024-12-18 20:05:23.228706,239,267,227,235,26,65
1044,1162,2024-12-18 20:05:23.245373,239,266,227,235,26,65
1045,1163,2024-12-18 20:05:23.262039,239,266,228,235,25,65
1046,1164,2024-12-18 20:05:23.278706,239,266,228,235,25,64
1047,1165,2024-12-18 20:05:23.295373,239,266,227,235,26,64
1048,1166,2024-12-18 20:05:23.312039,238,266,226,235,26,64
1049,1167,2024-12-18 20:05:23.328706,236,266,224,235,26,64
1050,1168,2024-12-18 20:05:23.345373,235,265,223,235,26,64
1051,1169,2024-12-18 20:05:23.362039,234,265,223,235,25,64
1052,1170,2024-12-18 20:05:23.378706,235,266,223,235,26,64
1053,1171,2024-12-18 20:05:23.395373,236,265,224,235,26,64
1054,1172,2024-12-18 20:05:23.412039,236,265,225,235,25,64
1055,1173,2024-12-18 20:05:23.428706,236,265,225,235,25,63
1056,1174,2024-12-18 20:05:23.445373,237,265,225,235,26,63
1057,1175,2024-12-18 20:05:23.462039,237,265,226,235,25,63
1058,1176,2024-12-18 20:05:23.478706,237,265,225,235,26,63
1059,1177,2024-12-18 20:05:23.495373,236,265,225,235,25,63
1060,1178,2024-12-18 20:05:23.512039,236,265,225,235,25,63
1061,1179,2024-12-18 20:05:23.528706,237,266,225,235,26,64
1062,1180,2024-12-18 20:05:23.545373,238,266,227,235,25,64
1063,1181,2024-12-18 20:05:23.562039,243,266,232,236,25,64
1064,1182,2024-12-18 20:05:23.578706,250,267,238,237,26,64
1065,1183,2024-12-18 20:05:23.595373,254,267,243,237,25,64
1066,1184,2024-12-18 20:05:23.612039,256,266,244,236,26,65
1067,1185,2024-12-18 20:05:23.628706,255,266,243,236,26,64
1068,1186,2024-12-18 20:05:23.645373,253,267,241,236,26,65
1069,1187,2024-12-18 20:05:23.662039,251,267,239,236,26,65
1070,1188,2024-12-18 20:05:23.678706,249,267,237,236,27,66
1071,1189,2024-12-18 20:05:23.695373,248,267,236,236,27,66
1072,1190,2024-12-18 20:05:23.712039,247,267,235,236,27,67
1073,1191,2024-12-18 20:05:23.728706,245,267,233,236,27,67
1074,1192,2024-12-18 20:05:23.745373,244,267,231,236,27,67
1075,1193,2024-12-18 20:05:23.762039,242,267,229,236,27,67
1076,1194,2024-12-18 20:05:23.778706,241,267,228,236,27,67
1077,1195,2024-12-18 20:05:23.795373,242,267,229,236,27,67
1078,1196,2024-12-18 20:05:23.812039,244,267,231,236,27,67
1079,1197,2024-12-18 20:05:23.828706,245,268,232,235,28,68
1080,1198,2024-12-18 20:05:23.845373,247,267,234,235,28,69
1081,1199,2024-12-18 20:05:23.862039,251,268,238,236,28,68
1082,1200,2024-12-18 20:05:23.878706,256,269,244,236,27,69
1083,1201,2024-12-18 20:05:23.895373,263,270,250,237,28,69
1084,1202,2024-12-18 20:05:23.912039,267,270,254,237,28,69
1085,1203,2024-12-18 20:05:23.928706,270,269,257,236,28,70
1086,1204,2024-12-18 20:05:23.945373,273,270,260,236,28,70
1087,1205,2024-12-18 20:05:23.962039,276,269,263,236,28,71
1088,1206,2024-12-18 20:05:23.978706,279,269,266,236,28,69
1089,1207,2024-12-18 20:05:23.995373,282,270,268,236,29,71
1090,1208,2024-12-18 20:05:24.012039,282,269,268,236,29,70
1091,1209,2024-12-18 20:05:24.028706,280,269,267,235,29,70
1092,1210,2024-12-18 20:05:24.045373,279,269,266,235,29,72
1093,1211,2024-12-18 20:05:24.062039,278,269,265,235,29,72
1094,1212,2024-12-18 20:05:24.078706,278,269,264,235,29,72
1095,1213,2024-12-18 20:05:24.095373,277,269,264,235,29,72
1096,1214,2024-12-18 20:05:24.112039,275,269,262,235,29,73
1097,1215,2024-12-18 20:05:24.128706,272,269,258,235,29,73
1098,1216,2024-12-18 20:05:24.145373,266,268,252,234,29,74
1099,1217,2024-12-18 20:05:24.162039,258,268,245,234,29,74
1100,1218,2024-12-18 20:05:24.178706,252,268,238,234,30,74
1101,1219,2024-12-18 20:05:24.195373,247,269,233,234,30,74
1102,1220,2024-12-18 20:05:24.212039,244,270,230,233,30,75
1103,1221,2024-12-18 20:05:24.228706,243,268,228,233,31,75
1104,1222,2024-12-18 20:05:24.245373,244,268,230,233,30,73
1105,1223,2024-12-18 20:05:24.262039,248,268,234,233,30,73
1106,1224,2024-12-18 20:05:24.278706,254,269,240,233,30,76
1107,1225,2024-12-18 20:05:24.295373,261,269,246,233,31,77
1108,1226,2024-12-18 20:05:24.312039,266,269,251,233,31,77
1109,1227,2024-12-18 20:05:24.328706,271,269,256,233,31,76
1110,1228,2024-12-18 20:05:24.345373,276,270,261,233,31,78
1111,1229,2024-12-18 20:05:24.362039,279,270,265,233,31,78
1112,1230,2024-12-18 20:05:24.378706,282,271,268,233,31,78
1113,1231,2024-12-18 20:05:24.395373,285,271,270,234,32,78
1114,1232,2024-12-18 20:05:24.412039,287,271,272,234,31,78
1115,1233,2024-12-18 20:05:24.428706,285,271,270,233,32,79
1116,1234,2024-12-18 20:05:24.445373,282,271,267,233,32,79
1117,1235,2024-12-18 20:05:24.462039,278,271,263,233,32,79
1118,1236,2024-12-18 20:05:24.478706,273,271,258,233,32,79
1119,1237,2024-12-18 20:05:24.495373,266,271,251,232,32,80
1120,1238,2024-12-18 20:05:24.512039,258,270,243,231,32,80
1121,1239,2024-12-18 20:05:24.528706,247,269,231,230,33,80
1122,1240,2024-12-18 20:05:24.545373,232,268,217,229,32,81
1123,1241,2024-12-18 20:05:24.562039,215,267,200,228,32,81
1124,1242,2024-12-18 20:05:24.578706,198,267,183,228,33,82
1125,1243,2024-12-18 20:05:24.595373,183,268,167,228,33,82
1126,1244,2024-12-18 20:05:24.612039,170,269,154,228,33,83
1127,1245,2024-12-18 20:05:24.628706,159,269,143,228,34,83
1128,1246,2024-12-18 20:05:24.645373,149,268,133,228,34,83
1129,1247,2024-12-18 20:05:24.662039,140,268,123,228,35,84
1130,1248,2024-12-18 20:05:24.678706,132,268,116,227,35,85
1131,1249,2024-12-18 20:05:24.695373,127,269,111,227,35,85
1132,1250,2024-12-18 20:05:24.712039,123,269,107,227,35,86
1133,1251,2024-12-18 20:05:24.728706,124,269,107,228,35,85
1134,1252,2024-12-18 20:05:24.745373,129,270,112,228,35,86
1135,1253,2024-12-18 20:05:24.762039,139,270,123,229,35,85
1136,1254,2024-12-18 20:05:24.778706,154,271,138,230,35,85
1137,1255,2024-12-18 20:05:24.795373,173,272,157,230,35,85
1138,1256,2024-12-18 20:05:24.812039,194,272,178,231,34,85
1139,1257,2024-12-18 20:05:24.828706,209,271,193,230,34,85
1140,1258,2024-12-18 20:05:24.845373,218,271,202,229,34,85
1141,1259,2024-12-18 20:05:24.862039,222,270,206,229,34,85
1142,1260,2024-12-18 20:05:24.878706,223,270,207,228,34,86
1143,1261,2024-12-18 20:05:24.895373,221,270,205,228,34,86
1144,1262,2024-12-18 20:05:24.912039,218,270,202,228,34,86
1145,1263,2024-12-18 20:05:24.928706,215,270,199,229,34,85
1146,1264,2024-12-18 20:05:24.945373,213,270,196,228,35,87
1147,1265,2024-12-18 20:05:24.962039,212,270,195,228,35,86
1148,1266,2024-12-18 20:05:24.978706,212,270,195,228,35,86
1149,1267,2024-12-18 20:05:24.995373,214,269,198,227,34,87
1150,1268,2024-12-18 20:05:25.012039,218,269,202,227,34,87
1151,1269,2024-12-18 20:05:25.028706,223,269,207,227,35,87
1152,1270,2024-12-18 20:05:25.045373,229,269,212,227,35,87
1153,1271,2024-12-18 20:05:25.062039,233,268,217,226,35,87
1154,1272,2024-12-18 20:05:25.078706,240,268,223,226,35,87
1155,1273,2024-12-18 20:05:25.095373,247,268,231,225,34,88
1156,1274,2024-12-18 20:05:25.112039,255,268,238,226,35,87
1157,1275,2024-12-18 20:05:25.128706,264,269,247,226,35,88
1158,1276,2024-12-18 20:05:25.145373,271,269,255,226,35,88
1159,1277,2024-12-18 20:05:25.162039,277,269,261,226,35,88
1160,1278,2024-12-18 20:05:25.178706,282,269,266,226,35,88
1161,1279,2024-12-18 20:05:25.195373,288,269,271,226,35,88
1162,1280,2024-12-18 20:05:25.212039,292,269,275,227,36,88
1163,1281,2024-12-18 20:05:25.228706,295,270,278,227,35,88
1164,1282,2024-12-18 20:05:25.245373,297,270,280,227,36,88
1165,1283,2024-12-18 20:05:25.262039,298,270,282,227,35,88
1166,1284,2024-12-18 20:05:25.278706,300,270,284,227,35,88
1167,1285,2024-12-18 20:05:25.295373,303,270,286,227,35,88
1168,1286,2024-12-18 20:05:25.312039,304,270,287,227,36,88
1169,1287,2024-12-18 20:05:25.328706,304,270,287,227,36,88
1170,1288,2024-12-18 20:05:25.345373,302,270,285,227,35,88
1171,1289,2024-12-18 20:05:25.362039,298,269,281,227,35,88
1172,1290,2024-12-18 20:05:25.378706,293,269,276,227,35,88
1173,1291,2024-12-18 20:05:25.395373,285,269,268,227,36,88
1174,1292,2024-12-18 20:05:25.412039,277,269,260,227,36,88
1175,1293,2024-12-18 20:05:25.428706,270,269,253,227,35,88
1176,1294,2024-12-18 20:05:25.445373,264,270,247,227,35,88
1177,1295,2024-12-18 20:05:25.462039,258,269,241,227,35,88
1178,1296,2024-12-18 20:05:25.478706,253,269,236,227,35,88
1179,1297,2024-12-18 20:05:25.495373,248,269,231,227,35,88
1180,1298,2024-12-18 20:05:25.512039,242,269,225,227,35,88
1181,1299,2024-12-18 20:05:25.528706,236,269,219,227,35,88
1182,1300,2024-12-18 20:05:25.545373,229,270,212,227,36,88
1183,1301,2024-12-18 20:05:25.562039,221,270,204,227,35,88
1184,1302,2024-12-18 20:05:25.578706,211,270,195,227,35,88
1185,1303,2024-12-18 20:05:25.595373,204,270,187,227,36,88
1186,1304,2024-12-18 20:05:25.612039,200,269,183,227,35,88
1187,1305,2024-12-18 20:05:25.628706,198,270,182,227,35,88
1188,1306,2024-12-18 20:05:25.645373,201,270,185,227,35,88
1189,1307,2024-12-18 20:05:25.662039,206,269,190,227,35,87
1190,1308,2024-12-18 20:05:25.678706,213,269,196,227,36,87
1191,1309,2024-12-18 20:05:25.695373,221,270,204,227,35,88
1192,1310,2024-12-18 20:05:25.712039,227,270,211,228,35,87
1193,1311,2024-12-18 20:05:25.728706,232,270,215,228,35,87
1194,1312,2024-12-18 20:05:25.745373,234,270,218,228,35,87
1195,1313,2024-12-18 20:05:25.762039,237,270,220,229,35,86
1196,1314,2024-12-18 20:05:25.778706,239,271,223,229,34,87
1197,1315,2024-12-18 20:05:25.795373,241,271,225,229,35,85
1198,1316,2024-12-18 20:05:25.812039,243,271,227,230,35,86
1199,1317,2024-12-18 20:05:25.828706,244,271,227,230,35,84
1200,1318,2024-12-18 20:05:25.845373,244,271,228,230,35,87
1201,1319,2024-12-18 20:05:25.862039,246,271,230,230,35,86
1202,1320,2024-12-18 20:05:25.878706,250,271,234,230,35,87
1203,1321,2024-12-18 20:05:25.895373,256,272,240,230,35,87
1204,1322,2024-12-18 20:05:25.912039,264,272,247,231,35,86
1205,1323,2024-12-18 20:05:25.928706,268,272,252,230,35,87
1206,1324,2024-12-18 20:05:25.945373,272,271,255,230,35,84
1207,1325,2024-12-18 20:05:25.962039,273,271,257,230,34,84
1208,1326,2024-12-18 20:05:25.978706,275,271,259,230,34,86
1209,1327,2024-12-18 20:05:25.995373,279,271,263,231,34,84
1210,1328,2024-12-18 20:05:26.012039,283,271,267,231,34,84
1211,1329,2024-12-18 20:05:26.028706,286,271,270,231,34,84
1212,1330,2024-12-18 20:05:26.045373,289,271,273,231,34,83
1213,1331,2024-12-18 20:05:26.062039,290,271,274,231,34,84
1214,1332,2024-12-18 20:05:26.078706,290,270,274,230,33,85
1215,1333,2024-12-18 20:05:26.095373,286,271,271,231,33,83
1216,1334,2024-12-18 20:05:26.112039,282,271,267,231,33,83
1217,1335,2024-12-18 20:05:26.128706,278,271,262,231,33,83
1218,1336,2024-12-18 20:05:26.145373,273,270,257,231,33,83
1219,1337,2024-12-18 20:05:26.162039,269,271,253,231,33,83
1220,1338,2024-12-18 20:05:26.178706,264,271,248,231,33,82
1221,1339,2024-12-18 20:05:26.195373,258,271,242,231,33,82
1222,1340,2024-12-18 20:05:26.212039,250,270,235,231,32,82
1223,1341,2024-12-18 20:05:26.228706,240,270,225,231,32,82
1224,1342,2024-12-18 20:05:26.245373,229,270,213,231,33,82
1225,1343,2024-12-18 20:05:26.262039,219,270,204,231,33,82
1226,1344,2024-12-18 20:05:26.278706,212,270,197,232,32,80
1227,1345,2024-12-18 20:05:26.295373,206,271,191,232,32,80
1228,1346,2024-12-18 20:05:26.312039,202,270,187,232,32,80
1229,1347,2024-12-18 20:05:26.328706,199,270,184,232,32,80
1230,1348,2024-12-18 20:05:26.345373,199,270,184,232,32,80
1231,1349,2024-12-18 20:05:26.362039,203,270,188,232,32,80
1232,1350,2024-12-18 20:05:26.378706,210,271,195,233,32,79
1233,1351,2024-12-18 20:05:26.395373,218,271,204,233,31,79
1234,1352,2024-12-18 20:05:26.412039,226,271,211,234,32,78
1235,1353,2024-12-18 20:05:26.428706,232,272,218,234,31,78
1236,1354,2024-12-18 20:05:26.445373,238,271,224,234,31,78
1237,1355,2024-12-18 20:05:26.462039,242,271,228,234,31,77
1238,1356,2024-12-18 20:05:26.478706,247,270,233,233,30,77
1239,1357,2024-12-18 20:05:26.495373,252,270,237,233,31,76
1240,1358,2024-12-18 20:05:26.512039,255,269,240,232,31,76
1241,1359,2024-12-18 20:05:26.528706,256,268,241,232,31,75
1242,1360,2024-12-18 20:05:26.545373,255,268,241,232,30,76
1243,1361,2024-12-18 20:05:26.562039,254,268,240,232,30,75
1244,1362,2024-12-18 20:05:26.578706,254,268,240,232,30,74
1245,1363,2024-12-18 20:05:26.595373,256,268,242,232,30,74
1246,1364,2024-12-18 20:05:26.612039,259,268,245,232,30,74
1247,1365,2024-12-18 20:05:26.628706,263,268,249,232,30,74
1248,1366,2024-12-18 20:05:26.645373,266,268,252,232,30,74
1249,1367,2024-12-18 20:05:26.662039,268,268,254,232,29,74
1250,1368,2024-12-18 20:05:26.678706,268,267,254,232,30,74
1251,1369,2024-12-18 20:05:26.695373,268,268,254,232,30,74
1252,1370,2024-12-18 20:05:26.712039,269,267,255,233,29,71
1253,1371,2024-12-18 20:05:26.728706,271,267,258,233,29,72
1254,1372,2024-12-18 20:05:26.745373,275,267,261,233,29,72
1255,1373,2024-12-18 20:05:26.762039,278,268,264,233,29,72
1256,1374,2024-12-18 20:05:26.778706,280,268,266,233,29,72
1257,1375,2024-12-18 20:05:26.795373,281,268,268,234,29,71
1258,1376,2024-12-18 20:05:26.812039,283,268,270,234,28,71
1259,1377,2024-12-18 20:05:26.828706,283,268,270,234,28,71
1260,1378,2024-12-18 20:05:26.845373,281,268,268,235,28,70
1261,1379,2024-12-18 20:05:26.862039,275,268,262,235,28,70
1262,1380,2024-12-18 20:05:26.878706,263,268,250,234,28,70
1263,1381,2024-12-18 20:05:26.895373,247,268,234,235,28,69
1264,1382,2024-12-18 20:05:26.912039,228,268,215,235,28,69
1265,1383,2024-12-18 20:05:26.928706,214,267,201,235,28,69
1266,1384,2024-12-18 20:05:26.945373,205,267,193,235,27,68
1267,1385,2024-12-18 20:05:26.962039,200,266,188,234,27,69
1268,1386,2024-12-18 20:05:26.978706,198,267,186,234,27,68
1269,1387,2024-12-18 20:05:26.995373,199,266,186,234,28,68
1270,1388,2024-12-18 20:05:27.012039,200,267,188,234,27,68
1271,1389,2024-12-18 20:05:27.028706,203,267,191,235,27,67
1272,1390,2024-12-18 20:05:27.045373,208,268,196,236,27,66
1273,1391,2024-12-18 20:05:27.062039,215,268,203,236,27,67
1274,1392,2024-12-18 20:05:27.078706,223,268,211,237,27,66
1275,1393,2024-12-18 20:05:27.095373,231,269,219,237,26,66
1276,1394,2024-12-18 20:05:27.112039,237,269,225,238,27,65
1277,1395,2024-12-18 20:05:27.128706,243,269,231,238,26,65
1278,1396,2024-12-18 20:05:27.145373,247,269,235,238,26,65
1279,1397,2024-12-18 20:05:27.162039,250,269,238,238,26,65
1280,1398,2024-12-18 20:05:27.178706,254,268,242,238,26,64
1281,1399,2024-12-18 20:05:27.195373,257,268,245,237,26,65
1282,1400,2024-12-18 20:05:27.212039,261,268,249,237,26,65
1283,1401,2024-12-18 20:05:27.228706,265,267,253,237,26,64
1284,1402,2024-12-18 20:05:27.245373,270,267,258,237,26,64
1285,1403,2024-12-18 20:05:27.262039,276,267,264,237,26,64
1286,1404,2024-12-18 20:05:27.278706,281,267,269,236,26,64
1287,1405,2024-12-18 20:05:27.295373,287,266,275,236,26,64
1288,1406,2024-12-18 20:05:27.312039,292,266,280,236,26,64
1289,1407,2024-12-18 20:05:27.328706,297,266,285,236,26,64
1290,1408,2024-12-18 20:05:27.345373,300,266,288,236,26,62
1291,1409,2024-12-18 20:05:27.362039,300,266,288,236,26,62
1292,1410,2024-12-18 20:05:27.378706,297,266,285,235,26,64
1293,1411,2024-12-18 20:05:27.395373,289,266,278,235,25,64
1294,1412,2024-12-18 20:05:27.412039,278,266,266,235,26,64
1295,1413,2024-12-18 20:05:27.428706,264,265,252,235,26,63
1296,1414,2024-12-18 20:05:27.445373,250,265,238,234,26,64
1297,1415,2024-12-18 20:05:27.462039,239,265,227,234,26,64
1298,1416,2024-12-18 20:05:27.478706,232,264,221,233,25,64
1299,1417,2024-12-18 20:05:27.495373,232,263,220,232,26,64
1300,1418,2024-12-18 20:05:27.512039,234,263,222,232,26,64
1301,1419,2024-12-18 20:05:27.528706,237,263,225,232,26,65
1302,1420,2024-12-18 20:05:27.545373,239,263,227,232,26,65
1303,1421,2024-12-18 20:05:27.562039,239,263,227,232,27,65
1304,1422,2024-12-18 20:05:27.578706,236,263,224,232,26,65
1305,1423,2024-12-18 20:05:27.595373,230,263,218,232,27,66
1306,1424,2024-12-18 20:05:27.612039,226,263,214,231,27,67
1307,1425,2024-12-18 20:05:27.628706,226,262,214,231,26,66
1308,1426,2024-12-18 20:05:27.645373,228,262,216,230,27,67
1309,1427,2024-12-18 20:05:27.662039,232,262,220,230,26,66
1310,1428,2024-12-18 20:05:27.678706,235,262,223,230,27,66
1311,1429,2024-12-18 20:05:27.695373,237,262,225,230,27,67
1312,1430,2024-12-18 20:05:27.712039,237,262,225,230,27,67
1313,1431,2024-12-18 20:05:27.728706,235,263,223,230,27,68
1314,1432,2024-12-18 20:05:27.745373,229,263,216,231,28,68
1315,1433,2024-12-18 20:05:27.762039,220,264,207,231,28,68
1316,1434,2024-12-18 20:05:27.778706,213,263,201,231,27,68
1317,1435,2024-12-18 20:05:27.795373,212,263,199,230,28,69
1318,1436,2024-12-18 20:05:27.812039,213,263,200,230,28,69
1319,1437,2024-12-18 20:05:27.828706,215,263,202,230,28,69
1320,1438,2024-12-18 20:05:27.845373,217,263,204,230,28,69
1321,1439,2024-12-18 20:05:27.862039,219,263,206,230,29,69
1322,1440,2024-12-18 20:05:27.878706,221,263,207,230,29,69
1323,1441,2024-12-18 20:05:27.895373,220,263,206,230,29,70
1324,1442,2024-12-18 20:05:27.912039,216,264,203,230,29,71
1325,1443,2024-12-18 20:05:27.928706,213,264,200,230,28,71
1326,1444,2024-12-18 20:05:27.945373,210,265,197,230,29,72
1327,1445,2024-12-18 20:05:27.962039,210,265,197,230,29,72
1328,1446,2024-12-18 20:05:27.978706,212,265,199,230,29,72
1329,1447,2024-12-18 20:05:27.995373,214,265,200,230,29,72
1330,1448,2024-12-18 20:05:28.012039,214,265,201,229,29,73
1331,1449,2024-12-18 20:05:28.028706,213,265,200,229,29,74
1332,1450,2024-12-18 20:05:28.045373,211,265,197,230,29,73
1333,1451,2024-12-18 20:05:28.062039,206,266,192,230,30,74
1334,1452,2024-12-18 20:05:28.078706,199,267,185,231,30,74
1335,1453,2024-12-18 20:05:28.095373,194,268,180,231,30,75
1336,1454,2024-12-18 20:05:28.112039,193,268,179,232,30,75
1337,1455,2024-12-18 20:05:28.128706,195,268,181,232,30,75
1338,1456,2024-12-18 20:05:28.145373,198,268,184,232,30,75
1339,1457,2024-12-18 20:05:28.162039,200,268,185,232,31,76
