Frame,Datetime,Center_X,Center_Y,Box_X,Box_Y,Box_Width,Box_Height
0,2024-12-18 20:05:03.878706,430,152,422,143,18,19
1,2024-12-18 20:05:03.895373,430,152,422,143,18,19
2,2024-12-18 20:05:03.912039,430,152,422,143,18,19
3,2024-12-18 20:05:03.928706,430,152,422,143,18,19
4,2024-12-18 20:05:03.945373,430,152,422,143,18,19
5,2024-12-18 20:05:03.962039,430,152,422,143,18,19
6,2024-12-18 20:05:03.978706,430,152,422,143,18,19
7,2024-12-18 20:05:03.995373,430,152,422,143,18,19
8,2024-12-18 20:05:04.012039,430,152,422,143,18,19
9,2024-12-18 20:05:04.028706,430,152,422,143,18,19
10,2024-12-18 20:05:04.045373,430,152,422,143,18,19
11,2024-12-18 20:05:04.062039,430,152,422,143,18,19
12,2024-12-18 20:05:04.078706,430,152,422,143,18,19
13,2024-12-18 20:05:04.095373,430,152,422,143,18,19
14,2024-12-18 20:05:04.112039,430,152,422,143,18,19
15,2024-12-18 20:05:04.128706,430,152,422,143,18,19
16,2024-12-18 20:05:04.145373,430,152,422,143,18,19
17,2024-12-18 20:05:04.162039,430,152,422,143,18,19
18,2024-12-18 20:05:04.178706,430,152,422,143,18,19
19,2024-12-18 20:05:04.195373,430,152,422,143,18,19
20,2024-12-18 20:05:04.212039,430,152,422,143,18,19
21,2024-12-18 20:05:04.228706,430,152,422,143,18,19
22,2024-12-18 20:05:04.245373,430,152,422,143,18,19
23,2024-12-18 20:05:04.262039,430,152,422,143,18,19
24,2024-12-18 20:05:04.278706,430,152,422,143,18,19
25,2024-12-18 20:05:04.295373,430,152,422,143,18,19
26,2024-12-18 20:05:04.312039,430,152,422,143,18,19
27,2024-12-18 20:05:04.328706,430,152,422,143,18,19
28,2024-12-18 20:05:04.345373,430,152,422,143,18,19
29,2024-12-18 20:05:04.362039,430,152,422,143,18,19
30,2024-12-18 20:05:04.378706,430,152,422,143,18,19
31,2024-12-18 20:05:04.395373,430,152,422,143,18,19
32,2024-12-18 20:05:04.412039,430,152,422,143,18,19
33,2024-12-18 20:05:04.428706,430,152,422,143,18,19
34,2024-12-18 20:05:04.445373,430,152,422,143,18,19
35,2024-12-18 20:05:04.462039,430,152,422,143,18,19
36,2024-12-18 20:05:04.478706,430,152,422,143,18,19
37,2024-12-18 20:05:04.495373,430,152,422,143,18,19
38,2024-12-18 20:05:04.512039,430,152,422,143,18,19
39,2024-12-18 20:05:04.528706,430,152,422,143,18,19
40,2024-12-18 20:05:04.545373,430,152,422,143,18,19
41,2024-12-18 20:05:04.562039,430,152,422,143,18,19
42,2024-12-18 20:05:04.578706,430,152,422,143,18,19
43,2024-12-18 20:05:04.595373,430,152,422,143,18,19
44,2024-12-18 20:05:04.612039,430,152,422,143,18,19
45,2024-12-18 20:05:04.628706,430,152,422,143,18,19
46,2024-12-18 20:05:04.645373,430,152,422,143,18,19
47,2024-12-18 20:05:04.662039,430,152,422,143,18,19
48,2024-12-18 20:05:04.678706,430,152,422,143,18,19
49,2024-12-18 20:05:04.695373,430,152,422,143,18,19
50,2024-12-18 20:05:04.712039,430,152,422,143,18,19
51,2024-12-18 20:05:04.728706,430,152,422,143,18,19
52,2024-12-18 20:05:04.745373,430,152,422,143,18,19
53,2024-12-18 20:05:04.762039,430,152,422,143,18,19
54,2024-12-18 20:05:04.778706,430,152,422,143,18,19
55,2024-12-18 20:05:04.795373,430,152,422,143,18,19
56,2024-12-18 20:05:04.812039,430,152,422,143,18,19
57,2024-12-18 20:05:04.828706,430,152,422,143,18,19
58,2024-12-18 20:05:04.845373,430,152,422,143,18,19
59,2024-12-18 20:05:04.862039,430,152,422,143,18,19
60,2024-12-18 20:05:04.878706,430,152,422,143,18,19
61,2024-12-18 20:05:04.895373,430,152,422,143,18,19
62,2024-12-18 20:05:04.912039,430,152,422,143,18,19
63,2024-12-18 20:05:04.928706,430,152,422,143,18,19
64,2024-12-18 20:05:04.945373,430,152,422,143,18,19
65,2024-12-18 20:05:04.962039,430,152,422,143,18,19
66,2024-12-18 20:05:04.978706,430,152,422,143,18,19
67,2024-12-18 20:05:04.995373,430,152,422,143,18,19
68,2024-12-18 20:05:05.012039,430,152,422,143,18,19
69,2024-12-18 20:05:05.028706,430,152,422,143,18,19
70,2024-12-18 20:05:05.045373,430,152,422,143,18,19
71,2024-12-18 20:05:05.062039,430,152,422,143,18,19
72,2024-12-18 20:05:05.078706,430,152,422,143,18,19
73,2024-12-18 20:05:05.095373,430,152,422,143,18,19
74,2024-12-18 20:05:05.112039,430,152,422,143,18,19
75,2024-12-18 20:05:05.128706,430,152,422,143,18,19
77,2024-12-18 20:05:05.162039,249,278,232,235,35,88
78,2024-12-18 20:05:05.178706,248,278,232,235,35,88
79,2024-12-18 20:05:05.195373,248,278,231,235,35,88
80,2024-12-18 20:05:05.212039,247,278,230,235,35,88
81,2024-12-18 20:05:05.228706,246,278,229,235,35,88
82,2024-12-18 20:05:05.245373,245,278,228,235,35,88
83,2024-12-18 20:05:05.262039,243,278,227,235,35,88
84,2024-12-18 20:05:05.278706,242,278,225,235,35,88
85,2024-12-18 20:05:05.295373,240,278,223,235,36,88
86,2024-12-18 20:05:05.312039,238,278,221,235,36,88
87,2024-12-18 20:05:05.328706,236,278,219,235,35,88
88,2024-12-18 20:05:05.345373,233,278,217,235,35,88
89,2024-12-18 20:05:05.362039,231,278,214,235,36,88
90,2024-12-18 20:05:05.378706,229,278,212,235,35,88
91,2024-12-18 20:05:05.395373,227,278,210,235,35,88
92,2024-12-18 20:05:05.412039,225,278,209,235,35,88
93,2024-12-18 20:05:05.428706,225,277,208,234,35,89
94,2024-12-18 20:05:05.445373,224,277,208,234,35,88
95,2024-12-18 20:05:05.462039,224,276,208,233,35,88
96,2024-12-18 20:05:05.478706,225,275,208,232,35,88
97,2024-12-18 20:05:05.495373,226,274,209,231,35,89
98,2024-12-18 20:05:05.512039,226,271,210,228,35,89
99,2024-12-18 20:05:05.528706,228,271,211,228,36,87
100,2024-12-18 20:05:05.545373,230,271,213,228,35,87
101,2024-12-18 20:05:05.562039,232,271,215,228,35,87
102,2024-12-18 20:05:05.578706,234,271,217,228,36,88
103,2024-12-18 20:05:05.595373,237,271,220,228,36,88
104,2024-12-18 20:05:05.612039,241,271,224,228,35,88
105,2024-12-18 20:05:05.628706,245,270,228,228,35,88
106,2024-12-18 20:05:05.645373,248,270,232,227,35,89
107,2024-12-18 20:05:05.662039,251,270,235,227,35,88
108,2024-12-18 20:05:05.678706,254,270,237,227,36,88
109,2024-12-18 20:05:05.695373,257,270,240,227,35,88
110,2024-12-18 20:05:05.712039,260,271,243,228,35,88
111,2024-12-18 20:05:05.728706,262,271,245,228,35,88
112,2024-12-18 20:05:05.745373,262,271,245,228,36,88
113,2024-12-18 20:05:05.762039,261,271,244,228,36,88
114,2024-12-18 20:05:05.778706,259,272,242,229,36,88
115,2024-12-18 20:05:05.795373,257,272,240,229,35,89
116,2024-12-18 20:05:05.812039,255,273,238,230,35,88
117,2024-12-18 20:05:05.828706,253,273,236,231,36,87
118,2024-12-18 20:05:05.845373,251,274,235,231,35,88
119,2024-12-18 20:05:05.862039,250,273,233,231,35,88
120,2024-12-18 20:05:05.878706,249,273,232,231,36,88
121,2024-12-18 20:05:05.895373,249,274,232,231,35,88
122,2024-12-18 20:05:05.912039,250,274,233,231,35,88
123,2024-12-18 20:05:05.928706,250,274,234,232,35,87
124,2024-12-18 20:05:05.945373,252,274,236,232,35,87
125,2024-12-18 20:05:05.962039,254,275,237,232,35,88
126,2024-12-18 20:05:05.978706,255,275,239,232,35,88
127,2024-12-18 20:05:05.995373,256,275,239,233,36,87
128,2024-12-18 20:05:06.012039,257,275,240,233,35,87
129,2024-12-18 20:05:06.028706,257,275,241,233,35,87
130,2024-12-18 20:05:06.045373,258,275,241,233,35,87
131,2024-12-18 20:05:06.062039,258,275,242,233,35,87
132,2024-12-18 20:05:06.078706,258,275,242,233,35,87
133,2024-12-18 20:05:06.095373,259,275,242,233,35,87
134,2024-12-18 20:05:06.112039,259,275,243,233,35,87
135,2024-12-18 20:05:06.128706,260,275,243,233,35,87
136,2024-12-18 20:05:06.145373,260,275,244,232,35,87
137,2024-12-18 20:05:06.162039,261,274,244,232,35,87
138,2024-12-18 20:05:06.178706,261,274,244,232,35,87
139,2024-12-18 20:05:06.195373,260,274,244,232,35,86
140,2024-12-18 20:05:06.212039,260,273,244,232,34,86
141,2024-12-18 20:05:06.228706,260,273,243,231,35,87
142,2024-12-18 20:05:06.245373,259,273,243,232,34,85
143,2024-12-18 20:05:06.262039,259,273,243,232,34,85
144,2024-12-18 20:05:06.278706,258,272,242,232,34,85
145,2024-12-18 20:05:06.295373,256,272,240,231,35,85
146,2024-12-18 20:05:06.312039,255,272,239,231,34,85
147,2024-12-18 20:05:06.328706,254,272,238,231,34,85
148,2024-12-18 20:05:06.345373,253,271,237,231,34,84
149,2024-12-18 20:05:06.362039,252,271,236,230,34,84
150,2024-12-18 20:05:06.378706,251,270,235,230,34,84
151,2024-12-18 20:05:06.395373,251,270,235,230,33,83
152,2024-12-18 20:05:06.412039,250,270,234,229,33,84
153,2024-12-18 20:05:06.428706,249,270,233,229,33,84
154,2024-12-18 20:05:06.445373,248,270,232,230,34,82
155,2024-12-18 20:05:06.462039,248,270,232,230,33,82
156,2024-12-18 20:05:06.478706,248,269,232,229,33,83
157,2024-12-18 20:05:06.495373,247,268,232,229,33,82
158,2024-12-18 20:05:06.512039,247,268,231,229,33,82
159,2024-12-18 20:05:06.528706,247,268,231,229,33,81
160,2024-12-18 20:05:06.545373,246,268,231,229,32,81
161,2024-12-18 20:05:06.562039,246,268,230,229,33,81
162,2024-12-18 20:05:06.578706,244,268,229,229,32,80
163,2024-12-18 20:05:06.595373,243,267,228,228,33,81
164,2024-12-18 20:05:06.612039,243,267,228,228,32,80
165,2024-12-18 20:05:06.628706,243,267,228,229,32,79
166,2024-12-18 20:05:06.645373,243,267,228,229,32,79
167,2024-12-18 20:05:06.662039,243,267,228,229,32,79
168,2024-12-18 20:05:06.678706,242,266,227,229,32,79
169,2024-12-18 20:05:06.695373,242,267,227,229,31,79
170,2024-12-18 20:05:06.712039,241,267,226,229,32,79
171,2024-12-18 20:05:06.728706,241,267,227,230,31,78
172,2024-12-18 20:05:06.745373,242,267,228,230,31,78
173,2024-12-18 20:05:06.762039,244,267,230,231,31,77
174,2024-12-18 20:05:06.778706,246,267,231,231,31,77
175,2024-12-18 20:05:06.795373,246,267,232,231,31,77
176,2024-12-18 20:05:06.812039,247,267,232,231,31,76
177,2024-12-18 20:05:06.828706,247,267,233,231,30,76
178,2024-12-18 20:05:06.845373,248,268,234,232,30,75
179,2024-12-18 20:05:06.862039,249,268,235,232,30,75
180,2024-12-18 20:05:06.878706,249,267,235,232,30,75
181,2024-12-18 20:05:06.895373,250,268,236,232,30,75
182,2024-12-18 20:05:06.912039,250,267,236,232,30,75
183,2024-12-18 20:05:06.928706,250,267,237,232,29,75
184,2024-12-18 20:05:06.945373,251,268,237,233,30,74
185,2024-12-18 20:05:06.962039,252,268,238,233,30,73
186,2024-12-18 20:05:06.978706,252,268,238,232,30,74
187,2024-12-18 20:05:06.995373,252,267,239,232,29,73
188,2024-12-18 20:05:07.012039,252,267,239,232,29,73
189,2024-12-18 20:05:07.028706,252,266,239,232,29,73
190,2024-12-18 20:05:07.045373,252,266,239,232,29,72
191,2024-12-18 20:05:07.062039,252,266,239,232,29,72
192,2024-12-18 20:05:07.078706,252,266,239,232,29,71
193,2024-12-18 20:05:07.095373,252,265,239,232,29,71
194,2024-12-18 20:05:07.112039,252,265,239,232,28,71
195,2024-12-18 20:05:07.128706,252,265,239,231,28,70
196,2024-12-18 20:05:07.145373,251,264,238,231,28,70
197,2024-12-18 20:05:07.162039,251,264,238,231,28,70
198,2024-12-18 20:05:07.178706,251,264,238,231,28,70
199,2024-12-18 20:05:07.195373,252,264,239,231,28,70
200,2024-12-18 20:05:07.212039,253,264,240,231,27,70
201,2024-12-18 20:05:07.228706,253,264,240,232,27,68
202,2024-12-18 20:05:07.245373,253,264,240,232,27,68
203,2024-12-18 20:05:07.262039,252,264,240,232,27,68
204,2024-12-18 20:05:07.278706,252,264,240,232,27,68
205,2024-12-18 20:05:07.295373,253,264,241,232,27,68
206,2024-12-18 20:05:07.312039,255,264,243,233,27,67
207,2024-12-18 20:05:07.328706,257,265,245,233,27,67
208,2024-12-18 20:05:07.345373,260,265,247,233,27,67
209,2024-12-18 20:05:07.362039,261,265,248,233,27,65
210,2024-12-18 20:05:07.378706,261,265,249,233,26,66
211,2024-12-18 20:05:07.395373,261,265,248,233,27,66
212,2024-12-18 20:05:07.412039,260,265,248,234,26,65
213,2024-12-18 20:05:07.428706,259,266,247,234,26,65
214,2024-12-18 20:05:07.445373,259,266,247,234,26,65
215,2024-12-18 20:05:07.462039,259,266,247,234,26,65
216,2024-12-18 20:05:07.478706,258,265,246,234,26,65
217,2024-12-18 20:05:07.495373,257,265,245,234,26,65
218,2024-12-18 20:05:07.512039,257,265,245,234,25,65
219,2024-12-18 20:05:07.528706,256,265,244,235,26,64
220,2024-12-18 20:05:07.545373,256,265,244,235,26,64
221,2024-12-18 20:05:07.562039,255,265,244,235,25,64
222,2024-12-18 20:05:07.578706,255,265,243,235,26,64
223,2024-12-18 20:05:07.595373,255,265,243,235,26,63
224,2024-12-18 20:05:07.612039,255,265,243,235,26,63
225,2024-12-18 20:05:07.628706,255,265,244,235,25,63
226,2024-12-18 20:05:07.645373,257,265,245,235,25,63
227,2024-12-18 20:05:07.662039,257,265,246,235,25,63
228,2024-12-18 20:05:07.678706,258,265,246,235,26,63
229,2024-12-18 20:05:07.695373,259,265,247,235,25,63
230,2024-12-18 20:05:07.712039,260,265,248,235,25,63
231,2024-12-18 20:05:07.728706,261,265,249,235,25,63
232,2024-12-18 20:05:07.745373,261,265,249,235,25,63
233,2024-12-18 20:05:07.762039,262,264,250,235,25,63
234,2024-12-18 20:05:07.778706,262,264,250,235,25,63
235,2024-12-18 20:05:07.795373,262,264,250,235,26,63
236,2024-12-18 20:05:07.812039,263,264,251,234,25,64
237,2024-12-18 20:05:07.828706,263,264,251,234,25,63
238,2024-12-18 20:05:07.845373,262,264,251,234,25,63
239,2024-12-18 20:05:07.862039,262,264,250,233,25,64
240,2024-12-18 20:05:07.878706,261,263,249,233,25,64
241,2024-12-18 20:05:07.895373,260,264,248,233,26,64
242,2024-12-18 20:05:07.912039,260,263,248,233,26,64
243,2024-12-18 20:05:07.928706,260,264,248,233,26,65
244,2024-12-18 20:05:07.945373,260,264,248,233,26,65
245,2024-12-18 20:05:07.962039,258,264,246,232,26,66
246,2024-12-18 20:05:07.978706,256,264,244,232,26,66
247,2024-12-18 20:05:07.995373,254,264,242,232,26,66
248,2024-12-18 20:05:08.012039,252,264,239,232,27,66
249,2024-12-18 20:05:08.028706,250,264,238,232,26,67
250,2024-12-18 20:05:08.045373,249,264,237,232,26,67
251,2024-12-18 20:05:08.062039,248,264,236,232,27,67
252,2024-12-18 20:05:08.078706,248,265,235,232,27,67
253,2024-12-18 20:05:08.095373,248,264,235,232,27,67
254,2024-12-18 20:05:08.112039,248,265,236,233,27,67
255,2024-12-18 20:05:08.128706,249,265,237,233,27,68
256,2024-12-18 20:05:08.145373,250,265,237,233,28,68
257,2024-12-18 20:05:08.162039,250,266,238,233,27,68
258,2024-12-18 20:05:08.178706,250,266,237,233,28,69
259,2024-12-18 20:05:08.195373,249,266,236,233,28,69
260,2024-12-18 20:05:08.212039,248,266,235,233,28,69
261,2024-12-18 20:05:08.228706,247,267,234,233,28,70
262,2024-12-18 20:05:08.245373,247,267,234,233,28,70
263,2024-12-18 20:05:08.262039,247,267,234,233,28,70
264,2024-12-18 20:05:08.278706,247,267,233,233,29,71
265,2024-12-18 20:05:08.295373,246,267,233,233,28,71
266,2024-12-18 20:05:08.312039,246,267,233,233,28,71
267,2024-12-18 20:05:08.328706,246,268,233,233,28,72
268,2024-12-18 20:05:08.345373,246,268,233,233,29,72
269,2024-12-18 20:05:08.362039,247,268,234,234,28,72
270,2024-12-18 20:05:08.378706,248,269,234,234,29,72
271,2024-12-18 20:05:08.395373,248,269,234,234,29,72
272,2024-12-18 20:05:08.412039,248,269,234,234,29,73
273,2024-12-18 20:05:08.428706,248,269,234,234,29,73
274,2024-12-18 20:05:08.445373,247,269,234,234,29,74
275,2024-12-18 20:05:08.462039,248,270,234,234,29,73
276,2024-12-18 20:05:08.478706,248,270,234,235,30,74
277,2024-12-18 20:05:08.495373,248,270,234,235,30,74
278,2024-12-18 20:05:08.512039,248,270,234,234,30,75
279,2024-12-18 20:05:08.528706,248,270,234,234,30,75
280,2024-12-18 20:05:08.545373,248,271,234,234,30,76
281,2024-12-18 20:05:08.562039,247,271,233,234,30,76
282,2024-12-18 20:05:08.578706,247,271,233,235,30,75
283,2024-12-18 20:05:08.595373,247,271,233,235,30,76
284,2024-12-18 20:05:08.612039,247,271,233,235,30,76
285,2024-12-18 20:05:08.628706,247,271,233,234,30,77
286,2024-12-18 20:05:08.645373,246,271,232,234,31,77
287,2024-12-18 20:05:08.662039,246,271,232,234,31,78
288,2024-12-18 20:05:08.678706,246,271,232,234,31,78
289,2024-12-18 20:05:08.695373,246,271,232,234,31,78
290,2024-12-18 20:05:08.712039,246,272,232,234,31,78
291,2024-12-18 20:05:08.728706,247,272,232,234,31,79
292,2024-12-18 20:05:08.745373,247,272,232,234,32,79
293,2024-12-18 20:05:08.762039,246,272,231,234,32,79
294,2024-12-18 20:05:08.778706,246,272,231,234,32,79
295,2024-12-18 20:05:08.795373,246,272,231,234,31,80
296,2024-12-18 20:05:08.812039,245,272,230,234,32,80
297,2024-12-18 20:05:08.828706,244,272,229,234,32,80
298,2024-12-18 20:05:08.845373,244,273,229,234,32,80
299,2024-12-18 20:05:08.862039,244,272,228,233,33,81
300,2024-12-18 20:05:08.878706,243,272,228,233,33,81
301,2024-12-18 20:05:08.895373,243,273,228,233,32,82
302,2024-12-18 20:05:08.912039,243,273,228,233,33,82
303,2024-12-18 20:05:08.928706,244,273,228,233,33,82
304,2024-12-18 20:05:08.945373,244,273,229,233,32,82
305,2024-12-18 20:05:08.962039,245,273,229,233,33,82
306,2024-12-18 20:05:08.978706,246,273,230,233,33,82
307,2024-12-18 20:05:08.995373,247,273,232,233,33,83
308,2024-12-18 20:05:09.012039,250,273,234,232,33,83
309,2024-12-18 20:05:09.028706,251,273,235,232,34,83
310,2024-12-18 20:05:09.045373,252,272,236,232,34,83
311,2024-12-18 20:05:09.062039,253,272,237,232,33,84
312,2024-12-18 20:05:09.078706,253,272,237,232,33,84
313,2024-12-18 20:05:09.095373,252,272,236,232,34,84
314,2024-12-18 20:05:09.112039,252,272,236,231,34,85
315,2024-12-18 20:05:09.128706,252,272,236,231,34,85
316,2024-12-18 20:05:09.145373,253,272,237,231,33,84
317,2024-12-18 20:05:09.162039,253,272,237,230,34,85
318,2024-12-18 20:05:09.178706,252,271,236,230,34,85
319,2024-12-18 20:05:09.195373,251,271,235,230,34,85
320,2024-12-18 20:05:09.212039,251,271,235,229,34,86
321,2024-12-18 20:05:09.228706,252,271,235,229,35,86
322,2024-12-18 20:05:09.245373,252,271,236,229,35,86
323,2024-12-18 20:05:09.262039,253,270,237,229,34,86
324,2024-12-18 20:05:09.278706,253,270,237,229,35,86
325,2024-12-18 20:05:09.295373,253,270,237,228,35,87
326,2024-12-18 20:05:09.312039,254,270,237,229,35,86
327,2024-12-18 20:05:09.328706,254,271,238,229,34,86
328,2024-12-18 20:05:09.345373,254,271,238,229,35,87
329,2024-12-18 20:05:09.362039,253,271,237,229,35,87
330,2024-12-18 20:05:09.378706,251,271,235,229,35,87
331,2024-12-18 20:05:09.395373,250,271,234,229,34,87
332,2024-12-18 20:05:09.412039,248,271,232,229,35,87
333,2024-12-18 20:05:09.428706,248,271,231,229,35,88
334,2024-12-18 20:05:09.445373,248,271,231,230,35,87
335,2024-12-18 20:05:09.462039,247,271,230,230,35,86
336,2024-12-18 20:05:09.478706,247,271,230,230,35,87
337,2024-12-18 20:05:09.495373,247,271,230,231,35,87
338,2024-12-18 20:05:09.512039,247,272,230,231,35,87
339,2024-12-18 20:05:09.528706,248,273,231,231,35,85
340,2024-12-18 20:05:09.545373,250,273,233,232,35,85
341,2024-12-18 20:05:09.562039,251,274,234,232,36,86
342,2024-12-18 20:05:09.578706,253,274,237,233,35,85
343,2024-12-18 20:05:09.595373,256,275,239,233,36,87
344,2024-12-18 20:05:09.612039,259,276,242,233,35,89
345,2024-12-18 20:05:09.628706,260,276,243,234,36,88
346,2024-12-18 20:05:09.645373,261,276,244,234,36,87
347,2024-12-18 20:05:09.662039,262,276,245,234,35,88
348,2024-12-18 20:05:09.678706,262,276,245,234,35,88
349,2024-12-18 20:05:09.695373,262,276,246,234,35,88
350,2024-12-18 20:05:09.712039,263,276,246,234,35,88
351,2024-12-18 20:05:09.728706,263,277,246,234,36,89
352,2024-12-18 20:05:09.745373,263,277,246,234,36,89
353,2024-12-18 20:05:09.762039,263,277,246,234,35,89
354,2024-12-18 20:05:09.778706,262,277,245,234,36,88
355,2024-12-18 20:05:09.795373,263,277,246,234,35,88
356,2024-12-18 20:05:09.812039,263,277,246,234,35,88
357,2024-12-18 20:05:09.828706,263,277,246,234,35,88
358,2024-12-18 20:05:09.845373,264,277,247,234,35,88
359,2024-12-18 20:05:09.862039,265,277,248,234,35,88
360,2024-12-18 20:05:09.878706,265,277,248,234,35,88
361,2024-12-18 20:05:09.895373,266,276,249,234,35,88
362,2024-12-18 20:05:09.912039,266,276,249,234,35,87
363,2024-12-18 20:05:09.928706,266,276,250,234,35,87
364,2024-12-18 20:05:09.945373,266,275,250,233,35,88
365,2024-12-18 20:05:09.962039,266,275,250,233,35,88
366,2024-12-18 20:05:09.978706,266,275,250,233,35,86
367,2024-12-18 20:05:09.995373,267,275,251,233,35,87
368,2024-12-18 20:05:10.012039,268,275,251,233,35,87
369,2024-12-18 20:05:10.028706,268,274,251,233,35,86
370,2024-12-18 20:05:10.045373,268,274,251,233,35,86
371,2024-12-18 20:05:10.062039,268,274,251,233,35,86
372,2024-12-18 20:05:10.078706,266,274,250,233,35,86
373,2024-12-18 20:05:10.095373,266,274,250,233,35,86
374,2024-12-18 20:05:10.112039,266,274,250,233,35,87
375,2024-12-18 20:05:10.128706,266,274,249,232,35,88
376,2024-12-18 20:05:10.145373,265,274,248,232,35,88
377,2024-12-18 20:05:10.162039,264,275,248,232,34,87
378,2024-12-18 20:05:10.178706,264,274,247,232,35,87
379,2024-12-18 20:05:10.195373,264,274,247,232,34,87
380,2024-12-18 20:05:10.212039,263,274,246,232,35,86
381,2024-12-18 20:05:10.228706,262,274,246,232,35,87
382,2024-12-18 20:05:10.245373,262,274,246,232,34,86
383,2024-12-18 20:05:10.262039,262,274,246,232,35,86
384,2024-12-18 20:05:10.278706,263,274,246,232,35,86
385,2024-12-18 20:05:10.295373,262,274,246,232,34,86
386,2024-12-18 20:05:10.312039,262,273,246,232,34,85
387,2024-12-18 20:05:10.328706,261,273,245,232,34,85
388,2024-12-18 20:05:10.345373,261,274,245,233,34,84
389,2024-12-18 20:05:10.362039,261,273,245,233,34,84
390,2024-12-18 20:05:10.378706,261,273,245,233,34,84
391,2024-12-18 20:05:10.395373,262,274,246,233,34,84
392,2024-12-18 20:05:10.412039,262,273,246,233,34,84
393,2024-12-18 20:05:10.428706,262,273,246,233,34,84
394,2024-12-18 20:05:10.445373,262,273,246,233,33,82
395,2024-12-18 20:05:10.462039,262,273,246,233,33,83
396,2024-12-18 20:05:10.478706,262,273,246,233,33,83
397,2024-12-18 20:05:10.495373,262,274,246,234,33,82
398,2024-12-18 20:05:10.512039,262,273,247,234,32,82
399,2024-12-18 20:05:10.528706,262,273,247,234,32,82
400,2024-12-18 20:05:10.545373,262,274,246,234,33,81
401,2024-12-18 20:05:10.562039,260,273,245,234,33,81
402,2024-12-18 20:05:10.578706,260,273,245,234,32,81
403,2024-12-18 20:05:10.595373,259,274,244,235,32,80
404,2024-12-18 20:05:10.612039,259,273,243,235,33,80
405,2024-12-18 20:05:10.628706,258,273,243,235,32,80
406,2024-12-18 20:05:10.645373,257,273,243,235,31,80
407,2024-12-18 20:05:10.662039,257,274,242,235,32,80
408,2024-12-18 20:05:10.678706,256,273,241,235,32,79
409,2024-12-18 20:05:10.695373,255,273,241,235,31,79
410,2024-12-18 20:05:10.712039,256,273,241,235,31,79
411,2024-12-18 20:05:10.728706,256,273,241,236,31,78
412,2024-12-18 20:05:10.745373,256,273,241,236,32,78
413,2024-12-18 20:05:10.762039,256,273,242,236,31,78
414,2024-12-18 20:05:10.778706,256,273,242,236,31,78
415,2024-12-18 20:05:10.795373,256,273,242,236,31,77
416,2024-12-18 20:05:10.812039,257,273,242,236,31,77
417,2024-12-18 20:05:10.828706,257,273,242,237,31,76
418,2024-12-18 20:05:10.845373,256,274,242,237,31,76
419,2024-12-18 20:05:10.862039,256,273,242,237,30,76
420,2024-12-18 20:05:10.878706,255,273,241,237,30,75
421,2024-12-18 20:05:10.895373,254,273,240,237,30,75
422,2024-12-18 20:05:10.912039,254,273,240,237,30,75
423,2024-12-18 20:05:10.928706,253,273,239,237,30,75
424,2024-12-18 20:05:10.945373,253,273,239,237,29,74
425,2024-12-18 20:05:10.962039,252,273,238,237,30,74
426,2024-12-18 20:05:10.978706,252,273,238,237,29,74
427,2024-12-18 20:05:10.995373,251,273,237,237,30,74
428,2024-12-18 20:05:11.012039,250,273,237,237,29,73
429,2024-12-18 20:05:11.028706,249,273,236,237,29,73
430,2024-12-18 20:05:11.045373,248,273,235,238,29,72
431,2024-12-18 20:05:11.062039,247,272,234,237,29,73
432,2024-12-18 20:05:11.078706,247,272,233,237,29,72
433,2024-12-18 20:05:11.095373,247,272,233,237,29,72
434,2024-12-18 20:05:11.112039,247,271,234,237,28,72
435,2024-12-18 20:05:11.128706,247,271,234,237,28,71
436,2024-12-18 20:05:11.145373,247,272,233,237,29,71
437,2024-12-18 20:05:11.162039,246,271,233,237,28,71
438,2024-12-18 20:05:11.178706,246,271,233,237,28,70
439,2024-12-18 20:05:11.195373,246,271,233,237,28,70
440,2024-12-18 20:05:11.212039,246,271,233,238,28,69
441,2024-12-18 20:05:11.228706,247,271,234,238,27,69
442,2024-12-18 20:05:11.245373,247,271,234,238,27,69
443,2024-12-18 20:05:11.262039,246,271,234,238,27,68
444,2024-12-18 20:05:11.278706,246,270,234,238,27,68
445,2024-12-18 20:05:11.295373,246,270,234,238,27,68
446,2024-12-18 20:05:11.312039,247,270,234,238,27,68
447,2024-12-18 20:05:11.328706,247,270,234,238,27,68
448,2024-12-18 20:05:11.345373,247,270,234,239,27,67
449,2024-12-18 20:05:11.362039,247,270,235,239,26,66
450,2024-12-18 20:05:11.378706,247,270,235,239,27,65
451,2024-12-18 20:05:11.395373,248,270,235,239,27,66
452,2024-12-18 20:05:11.412039,248,270,236,239,26,66
453,2024-12-18 20:05:11.428706,247,270,235,239,26,66
454,2024-12-18 20:05:11.445373,246,270,234,239,26,65
455,2024-12-18 20:05:11.462039,246,270,234,239,26,65
456,2024-12-18 20:05:11.478706,246,270,234,239,26,65
457,2024-12-18 20:05:11.495373,248,270,236,239,26,65
458,2024-12-18 20:05:11.512039,250,270,238,239,26,65
459,2024-12-18 20:05:11.528706,252,270,240,240,26,64
460,2024-12-18 20:05:11.545373,253,270,241,240,25,64
461,2024-12-18 20:05:11.562039,252,270,241,240,25,64
462,2024-12-18 20:05:11.578706,252,270,240,240,25,64
463,2024-12-18 20:05:11.595373,250,270,239,240,25,64
464,2024-12-18 20:05:11.612039,250,271,238,240,25,64
465,2024-12-18 20:05:11.628706,249,270,237,240,26,64
466,2024-12-18 20:05:11.645373,250,270,238,240,26,63
467,2024-12-18 20:05:11.662039,252,270,240,240,25,63
468,2024-12-18 20:05:11.678706,253,270,242,240,25,63
469,2024-12-18 20:05:11.695373,254,270,243,240,25,63
470,2024-12-18 20:05:11.712039,255,270,243,240,26,63
471,2024-12-18 20:05:11.728706,255,270,243,240,26,63
472,2024-12-18 20:05:11.745373,255,270,243,240,25,63
473,2024-12-18 20:05:11.762039,254,270,242,240,26,64
474,2024-12-18 20:05:11.778706,254,270,242,239,25,65
475,2024-12-18 20:05:11.795373,254,270,242,239,26,65
476,2024-12-18 20:05:11.812039,256,270,244,239,26,65
477,2024-12-18 20:05:11.828706,258,270,246,239,26,64
478,2024-12-18 20:05:11.845373,259,270,247,239,26,64
479,2024-12-18 20:05:11.862039,259,270,247,239,26,66
480,2024-12-18 20:05:11.878706,260,271,247,239,27,66
481,2024-12-18 20:05:11.895373,261,271,248,239,27,66
482,2024-12-18 20:05:11.912039,261,271,249,239,26,65
483,2024-12-18 20:05:11.928706,262,271,250,239,26,66
484,2024-12-18 20:05:11.945373,263,271,250,238,27,67
485,2024-12-18 20:05:11.962039,263,270,250,238,27,67
486,2024-12-18 20:05:11.978706,262,270,249,238,27,67
487,2024-12-18 20:05:11.995373,260,270,247,238,27,67
488,2024-12-18 20:05:12.012039,254,270,242,238,27,67
489,2024-12-18 20:05:12.028706,249,270,237,237,27,68
490,2024-12-18 20:05:12.045373,244,270,232,237,27,68
491,2024-12-18 20:05:12.062039,240,269,227,236,28,69
492,2024-12-18 20:05:12.078706,238,269,225,236,28,69
493,2024-12-18 20:05:12.095373,238,269,225,236,28,69
494,2024-12-18 20:05:12.112039,238,269,225,236,28,69
495,2024-12-18 20:05:12.128706,238,269,225,236,28,69
496,2024-12-18 20:05:12.145373,238,269,225,236,28,70
497,2024-12-18 20:05:12.162039,238,269,225,236,28,70
498,2024-12-18 20:05:12.178706,237,270,224,236,28,70
499,2024-12-18 20:05:12.195373,237,270,224,236,28,70
500,2024-12-18 20:05:12.212039,237,270,224,235,29,71
501,2024-12-18 20:05:12.228706,239,270,225,236,29,70
502,2024-12-18 20:05:12.245373,241,270,227,236,29,70
503,2024-12-18 20:05:12.262039,242,271,228,236,29,72
504,2024-12-18 20:05:12.278706,243,271,230,236,29,73
505,2024-12-18 20:05:12.295373,245,271,231,236,29,73
506,2024-12-18 20:05:12.312039,245,272,232,236,29,73
507,2024-12-18 20:05:12.328706,246,272,233,237,29,73
508,2024-12-18 20:05:12.345373,248,272,234,237,29,73
509,2024-12-18 20:05:12.362039,248,272,235,237,29,74
510,2024-12-18 20:05:12.378706,249,272,236,237,29,74
511,2024-12-18 20:05:12.395373,250,273,236,237,30,74
512,2024-12-18 20:05:12.412039,250,272,236,237,30,75
513,2024-12-18 20:05:12.428706,251,273,237,237,30,75
514,2024-12-18 20:05:12.445373,251,274,237,237,30,76
515,2024-12-18 20:05:12.462039,251,273,237,237,30,76
516,2024-12-18 20:05:12.478706,251,273,236,237,31,76
517,2024-12-18 20:05:12.495373,251,274,236,237,31,76
518,2024-12-18 20:05:12.512039,250,273,236,237,30,77
519,2024-12-18 20:05:12.528706,249,273,235,237,30,77
520,2024-12-18 20:05:12.545373,248,274,234,237,31,77
521,2024-12-18 20:05:12.562039,248,274,234,237,31,78
522,2024-12-18 20:05:12.578706,248,275,234,237,31,78
523,2024-12-18 20:05:12.595373,249,274,234,237,31,78
524,2024-12-18 20:05:12.612039,249,275,234,237,31,79
525,2024-12-18 20:05:12.628706,248,275,233,237,32,79
526,2024-12-18 20:05:12.645373,247,275,232,238,32,78
527,2024-12-18 20:05:12.662039,246,276,232,238,31,79
528,2024-12-18 20:05:12.678706,247,275,232,238,31,79
529,2024-12-18 20:05:12.695373,247,275,232,238,32,79
530,2024-12-18 20:05:12.712039,247,276,232,238,32,80
531,2024-12-18 20:05:12.728706,246,276,231,238,32,80
532,2024-12-18 20:05:12.745373,245,277,230,238,32,81
533,2024-12-18 20:05:12.762039,244,277,228,238,33,81
534,2024-12-18 20:05:12.778706,242,278,226,238,33,81
535,2024-12-18 20:05:12.795373,239,278,224,238,33,82
536,2024-12-18 20:05:12.812039,236,278,221,238,33,82
537,2024-12-18 20:05:12.828706,234,278,219,238,33,82
538,2024-12-18 20:05:12.845373,233,278,218,238,33,82
539,2024-12-18 20:05:12.862039,233,278,218,237,33,83
540,2024-12-18 20:05:12.878706,234,277,218,237,33,83
541,2024-12-18 20:05:12.895373,234,278,219,237,33,83
542,2024-12-18 20:05:12.912039,235,277,220,237,33,83
543,2024-12-18 20:05:12.928706,236,278,221,237,33,83
544,2024-12-18 20:05:12.945373,237,277,222,237,33,83
545,2024-12-18 20:05:12.962039,239,277,223,237,34,84
546,2024-12-18 20:05:12.978706,240,277,225,237,33,84
547,2024-12-18 20:05:12.995373,242,277,226,237,34,83
548,2024-12-18 20:05:13.012039,244,277,228,237,33,83
549,2024-12-18 20:05:13.028706,246,277,230,237,34,83
550,2024-12-18 20:05:13.045373,248,277,232,237,34,84
551,2024-12-18 20:05:13.062039,250,278,234,237,34,84
552,2024-12-18 20:05:13.078706,252,277,236,237,34,85
553,2024-12-18 20:05:13.095373,253,277,237,237,34,84
554,2024-12-18 20:05:13.112039,254,277,238,237,34,84
555,2024-12-18 20:05:13.128706,255,277,238,237,35,84
556,2024-12-18 20:05:13.145373,254,277,238,236,35,86
557,2024-12-18 20:05:13.162039,254,277,238,236,34,84
558,2024-12-18 20:05:13.178706,252,277,236,236,35,84
559,2024-12-18 20:05:13.195373,250,277,234,236,35,86
560,2024-12-18 20:05:13.212039,248,276,232,235,35,86
561,2024-12-18 20:05:13.228706,248,276,231,235,35,87
562,2024-12-18 20:05:13.245373,247,276,230,235,35,87
563,2024-12-18 20:05:13.262039,246,275,230,234,34,85
564,2024-12-18 20:05:13.278706,246,275,229,234,35,87
565,2024-12-18 20:05:13.295373,246,275,229,234,35,87
566,2024-12-18 20:05:13.312039,245,275,228,234,35,87
567,2024-12-18 20:05:13.328706,244,275,228,234,35,88
568,2024-12-18 20:05:13.345373,243,275,227,234,35,88
569,2024-12-18 20:05:13.362039,242,275,225,234,35,86
570,2024-12-18 20:05:13.378706,241,276,224,234,35,88
571,2024-12-18 20:05:13.395373,240,276,224,234,35,88
572,2024-12-18 20:05:13.412039,240,276,223,234,35,88
573,2024-12-18 20:05:13.428706,239,276,223,234,35,88
574,2024-12-18 20:05:13.445373,240,276,224,234,35,88
575,2024-12-18 20:05:13.462039,241,276,224,234,35,88
576,2024-12-18 20:05:13.478706,242,276,225,234,35,88
577,2024-12-18 20:05:13.495373,243,276,226,234,35,88
578,2024-12-18 20:05:13.512039,243,276,226,234,36,88
579,2024-12-18 20:05:13.528706,244,276,227,234,35,89
580,2024-12-18 20:05:13.545373,245,276,228,234,35,89
581,2024-12-18 20:05:13.562039,246,276,229,234,35,89
582,2024-12-18 20:05:13.578706,247,276,230,235,35,86
583,2024-12-18 20:05:13.595373,248,276,231,235,35,86
584,2024-12-18 20:05:13.612039,248,276,231,235,35,87
585,2024-12-18 20:05:13.628706,248,276,231,235,35,87
586,2024-12-18 20:05:13.645373,248,277,231,235,35,89
587,2024-12-18 20:05:13.662039,248,277,231,236,35,88
588,2024-12-18 20:05:13.678706,248,277,231,236,35,88
589,2024-12-18 20:05:13.695373,248,277,231,236,35,88
590,2024-12-18 20:05:13.712039,247,277,230,236,36,88
591,2024-12-18 20:05:13.728706,247,277,230,236,35,88
592,2024-12-18 20:05:13.745373,246,278,229,236,35,88
593,2024-12-18 20:05:13.762039,245,277,228,236,35,87
594,2024-12-18 20:05:13.778706,243,277,226,235,35,88
595,2024-12-18 20:05:13.795373,242,277,225,235,35,87
596,2024-12-18 20:05:13.812039,241,276,224,235,35,87
597,2024-12-18 20:05:13.828706,240,276,223,235,35,87
598,2024-12-18 20:05:13.845373,239,276,222,234,35,88
599,2024-12-18 20:05:13.862039,239,276,222,234,35,87
600,2024-12-18 20:05:13.878706,238,275,222,234,35,87
601,2024-12-18 20:05:13.895373,238,275,221,234,35,87
602,2024-12-18 20:05:13.912039,238,275,221,233,35,87
603,2024-12-18 20:05:13.928706,238,275,221,233,35,87
604,2024-12-18 20:05:13.945373,237,274,221,233,35,87
605,2024-12-18 20:05:13.962039,237,274,221,233,35,87
606,2024-12-18 20:05:13.978706,238,275,221,233,35,86
607,2024-12-18 20:05:13.995373,238,274,222,232,35,87
608,2024-12-18 20:05:14.012039,239,274,223,232,34,87
609,2024-12-18 20:05:14.028706,240,274,224,232,34,87
610,2024-12-18 20:05:14.045373,240,273,224,232,35,86
611,2024-12-18 20:05:14.062039,241,274,225,232,34,86
612,2024-12-18 20:05:14.078706,241,273,225,232,34,86
613,2024-12-18 20:05:14.095373,240,273,224,231,35,87
614,2024-12-18 20:05:14.112039,241,273,224,231,35,87
615,2024-12-18 20:05:14.128706,242,273,225,231,35,87
616,2024-12-18 20:05:14.145373,243,273,226,231,35,86
617,2024-12-18 20:05:14.162039,244,273,228,232,34,85
618,2024-12-18 20:05:14.178706,245,273,229,232,34,85
619,2024-12-18 20:05:14.195373,246,273,230,232,34,85
620,2024-12-18 20:05:14.212039,246,273,230,232,34,85
621,2024-12-18 20:05:14.228706,245,273,230,232,33,85
622,2024-12-18 20:05:14.245373,245,273,229,232,34,85
623,2024-12-18 20:05:14.262039,245,273,229,232,34,84
624,2024-12-18 20:05:14.278706,245,273,229,232,34,84
625,2024-12-18 20:05:14.295373,246,273,230,232,33,84
626,2024-12-18 20:05:14.312039,246,273,230,232,34,84
627,2024-12-18 20:05:14.328706,246,273,230,233,34,83
628,2024-12-18 20:05:14.345373,246,273,230,233,33,83
629,2024-12-18 20:05:14.362039,246,273,230,233,33,83
630,2024-12-18 20:05:14.378706,246,273,230,233,33,82
631,2024-12-18 20:05:14.395373,247,273,231,233,33,82
632,2024-12-18 20:05:14.412039,246,273,230,233,33,82
633,2024-12-18 20:05:14.428706,246,273,230,233,33,82
634,2024-12-18 20:05:14.445373,245,273,230,233,32,82
635,2024-12-18 20:05:14.462039,245,273,229,233,33,82
636,2024-12-18 20:05:14.478706,245,273,229,234,33,81
637,2024-12-18 20:05:14.495373,244,273,229,234,32,81
638,2024-12-18 20:05:14.512039,243,273,228,234,32,80
639,2024-12-18 20:05:14.528706,242,273,227,234,32,80
640,2024-12-18 20:05:14.545373,241,273,226,234,32,80
641,2024-12-18 20:05:14.562039,240,273,225,235,32,79
642,2024-12-18 20:05:14.578706,240,273,225,235,32,79
643,2024-12-18 20:05:14.595373,240,273,226,235,31,79
644,2024-12-18 20:05:14.612039,241,273,226,235,31,79
645,2024-12-18 20:05:14.628706,241,273,226,235,31,79
646,2024-12-18 20:05:14.645373,241,273,226,236,31,78
647,2024-12-18 20:05:14.662039,241,273,226,236,32,76
648,2024-12-18 20:05:14.678706,241,273,227,236,31,76
649,2024-12-18 20:05:14.695373,241,273,227,236,31,77
650,2024-12-18 20:05:14.712039,241,273,227,236,31,77
651,2024-12-18 20:05:14.728706,241,273,227,236,30,77
652,2024-12-18 20:05:14.745373,240,273,226,236,30,76
653,2024-12-18 20:05:14.762039,239,273,225,236,30,76
654,2024-12-18 20:05:14.778706,239,273,225,236,30,76
655,2024-12-18 20:05:14.795373,238,272,224,237,30,75
656,2024-12-18 20:05:14.812039,237,273,224,237,29,74
657,2024-12-18 20:05:14.828706,237,273,223,237,30,74
658,2024-12-18 20:05:14.845373,237,273,223,237,30,74
659,2024-12-18 20:05:14.862039,236,273,223,236,29,74
660,2024-12-18 20:05:14.878706,236,272,222,236,30,74
661,2024-12-18 20:05:14.895373,235,272,222,236,29,74
662,2024-12-18 20:05:14.912039,235,272,222,236,29,73
663,2024-12-18 20:05:14.928706,235,271,221,236,30,73
664,2024-12-18 20:05:14.945373,235,271,221,236,29,73
665,2024-12-18 20:05:14.962039,235,271,222,236,29,72
666,2024-12-18 20:05:14.978706,235,271,222,236,29,72
667,2024-12-18 20:05:14.995373,236,271,223,236,28,72
668,2024-12-18 20:05:15.012039,237,270,224,236,28,70
669,2024-12-18 20:05:15.028706,239,270,225,236,29,70
670,2024-12-18 20:05:15.045373,240,270,227,236,28,71
671,2024-12-18 20:05:15.062039,242,270,229,236,28,71
672,2024-12-18 20:05:15.078706,243,270,230,236,28,70
673,2024-12-18 20:05:15.095373,244,270,231,236,28,70
674,2024-12-18 20:05:15.112039,245,269,232,236,28,70
675,2024-12-18 20:05:15.128706,247,269,234,236,27,69
676,2024-12-18 20:05:15.145373,247,269,234,236,28,69
677,2024-12-18 20:05:15.162039,247,269,234,236,28,68
678,2024-12-18 20:05:15.178706,246,268,233,236,28,68
679,2024-12-18 20:05:15.195373,244,268,231,236,28,67
680,2024-12-18 20:05:15.212039,242,267,229,235,27,66
681,2024-12-18 20:05:15.228706,240,267,228,235,27,67
682,2024-12-18 20:05:15.245373,239,267,227,235,26,67
683,2024-12-18 20:05:15.262039,238,267,226,235,27,66
684,2024-12-18 20:05:15.278706,238,267,226,235,27,65
685,2024-12-18 20:05:15.295373,239,267,227,235,26,66
686,2024-12-18 20:05:15.312039,239,266,227,235,26,66
687,2024-12-18 20:05:15.328706,240,266,227,235,27,65
688,2024-12-18 20:05:15.345373,240,266,228,235,26,65
689,2024-12-18 20:05:15.362039,240,266,228,235,26,65
690,2024-12-18 20:05:15.378706,240,266,228,235,26,65
691,2024-12-18 20:05:15.395373,240,266,228,235,26,65
692,2024-12-18 20:05:15.412039,240,266,228,235,26,65
693,2024-12-18 20:05:15.428706,239,266,227,235,26,65
694,2024-12-18 20:05:15.445373,238,266,226,235,26,64
695,2024-12-18 20:05:15.462039,238,266,226,235,26,64
696,2024-12-18 20:05:15.478706,238,266,226,235,26,64
697,2024-12-18 20:05:15.495373,238,266,227,235,25,64
698,2024-12-18 20:05:15.512039,239,266,227,235,26,64
699,2024-12-18 20:05:15.528706,239,266,228,235,25,64
700,2024-12-18 20:05:15.545373,240,266,229,235,25,64
701,2024-12-18 20:05:15.562039,242,266,230,235,25,64
702,2024-12-18 20:05:15.578706,245,266,233,236,25,63
703,2024-12-18 20:05:15.595373,248,266,237,236,25,63
704,2024-12-18 20:05:15.612039,251,266,239,236,25,63
705,2024-12-18 20:05:15.628706,253,266,241,236,26,63
706,2024-12-18 20:05:15.645373,255,266,243,236,25,63
707,2024-12-18 20:05:15.662039,256,266,245,236,25,63
708,2024-12-18 20:05:15.678706,257,266,245,236,26,63
709,2024-12-18 20:05:15.695373,257,266,246,236,25,63
710,2024-12-18 20:05:15.712039,257,266,245,236,26,63
711,2024-12-18 20:05:15.728706,256,267,244,236,26,64
712,2024-12-18 20:05:15.745373,255,266,243,236,26,64
713,2024-12-18 20:05:15.762039,254,267,242,236,26,65
714,2024-12-18 20:05:15.778706,252,267,240,236,26,65
715,2024-12-18 20:05:15.795373,251,266,239,236,26,65
716,2024-12-18 20:05:15.812039,251,266,239,236,26,61
717,2024-12-18 20:05:15.828706,250,266,238,236,26,65
718,2024-12-18 20:05:15.845373,249,266,237,236,26,66
719,2024-12-18 20:05:15.862039,248,267,236,236,26,65
720,2024-12-18 20:05:15.878706,248,266,235,236,27,66
721,2024-12-18 20:05:15.895373,247,267,235,236,26,66
722,2024-12-18 20:05:15.912039,247,267,235,236,26,67
723,2024-12-18 20:05:15.928706,247,267,234,236,27,67
724,2024-12-18 20:05:15.945373,246,267,233,236,27,67
725,2024-12-18 20:05:15.962039,245,268,233,236,26,67
726,2024-12-18 20:05:15.978706,245,267,233,236,27,67
727,2024-12-18 20:05:15.995373,246,268,233,236,27,68
728,2024-12-18 20:05:16.012039,247,268,234,236,28,68
729,2024-12-18 20:05:16.028706,248,269,235,236,28,68
730,2024-12-18 20:05:16.045373,249,269,236,236,28,69
731,2024-12-18 20:05:16.062039,250,269,237,236,27,69
732,2024-12-18 20:05:16.078706,250,268,237,235,28,70
733,2024-12-18 20:05:16.095373,250,268,237,235,28,70
734,2024-12-18 20:05:16.112039,251,269,238,235,28,70
735,2024-12-18 20:05:16.128706,251,269,238,235,28,70
736,2024-12-18 20:05:16.145373,252,269,239,235,28,70
737,2024-12-18 20:05:16.162039,252,269,239,235,28,71
738,2024-12-18 20:05:16.178706,252,269,239,235,28,71
739,2024-12-18 20:05:16.195373,252,268,238,234,29,72
740,2024-12-18 20:05:16.212039,251,268,237,234,29,72
741,2024-12-18 20:05:16.228706,250,268,237,234,29,72
742,2024-12-18 20:05:16.245373,250,267,236,233,29,73
743,2024-12-18 20:05:16.262039,249,267,236,233,29,73
744,2024-12-18 20:05:16.278706,249,268,236,233,29,73
745,2024-12-18 20:05:16.295373,250,267,236,233,29,73
746,2024-12-18 20:05:16.312039,250,267,236,233,29,73
747,2024-12-18 20:05:16.328706,250,267,236,233,30,74
748,2024-12-18 20:05:16.345373,251,268,237,233,29,74
749,2024-12-18 20:05:16.362039,251,268,237,233,30,74
750,2024-12-18 20:05:16.378706,252,269,238,233,30,75
751,2024-12-18 20:05:16.395373,252,269,238,233,30,75
752,2024-12-18 20:05:16.412039,253,269,239,233,30,75
753,2024-12-18 20:05:16.428706,254,269,239,233,31,75
754,2024-12-18 20:05:16.445373,254,269,240,233,30,76
755,2024-12-18 20:05:16.462039,254,269,240,233,30,76
756,2024-12-18 20:05:16.478706,254,269,239,233,31,76
757,2024-12-18 20:05:16.495373,253,270,239,232,31,77
758,2024-12-18 20:05:16.512039,252,270,238,232,31,78
759,2024-12-18 20:05:16.528706,252,270,238,232,31,78
760,2024-12-18 20:05:16.545373,252,270,237,232,32,78
761,2024-12-18 20:05:16.562039,252,270,237,232,31,79
762,2024-12-18 20:05:16.578706,252,271,237,233,31,78
763,2024-12-18 20:05:16.595373,252,271,237,233,32,78
764,2024-12-18 20:05:16.612039,252,271,237,233,32,78
765,2024-12-18 20:05:16.628706,252,271,237,233,31,79
766,2024-12-18 20:05:16.645373,251,271,237,233,31,79
767,2024-12-18 20:05:16.662039,252,271,237,233,31,79
768,2024-12-18 20:05:16.678706,252,272,237,233,32,80
769,2024-12-18 20:05:16.695373,252,271,237,233,32,80
770,2024-12-18 20:05:16.712039,253,271,237,233,33,80
771,2024-12-18 20:05:16.728706,253,271,238,232,32,81
772,2024-12-18 20:05:16.745373,253,271,238,232,32,81
773,2024-12-18 20:05:16.762039,253,271,238,232,33,81
774,2024-12-18 20:05:16.778706,254,272,238,232,33,82
775,2024-12-18 20:05:16.795373,253,272,238,232,33,82
776,2024-12-18 20:05:16.812039,253,271,238,232,33,82
777,2024-12-18 20:05:16.828706,254,272,238,232,33,83
778,2024-12-18 20:05:16.845373,254,272,238,232,33,83
779,2024-12-18 20:05:16.862039,254,273,238,232,33,83
780,2024-12-18 20:05:16.878706,254,273,238,233,33,83
781,2024-12-18 20:05:16.895373,254,273,238,233,34,83
782,2024-12-18 20:05:16.912039,254,273,238,233,34,83
783,2024-12-18 20:05:16.928706,255,273,239,233,33,83
784,2024-12-18 20:05:16.945373,254,273,238,233,34,84
785,2024-12-18 20:05:16.962039,254,273,238,233,34,84
786,2024-12-18 20:05:16.978706,254,274,238,233,34,84
787,2024-12-18 20:05:16.995373,254,273,238,233,34,84
788,2024-12-18 20:05:17.012039,254,274,238,233,34,84
789,2024-12-18 20:05:17.028706,253,273,237,232,34,85
790,2024-12-18 20:05:17.045373,253,273,237,232,34,85
791,2024-12-18 20:05:17.062039,253,273,237,232,34,85
792,2024-12-18 20:05:17.078706,255,273,239,232,34,85
793,2024-12-18 20:05:17.095373,256,273,240,232,35,85
794,2024-12-18 20:05:17.112039,258,273,242,232,34,85
795,2024-12-18 20:05:17.128706,259,273,243,231,34,86
796,2024-12-18 20:05:17.145373,260,273,243,231,35,87
797,2024-12-18 20:05:17.162039,260,273,243,231,35,87
798,2024-12-18 20:05:17.178706,259,273,243,231,34,87
799,2024-12-18 20:05:17.195373,258,273,242,231,35,87
800,2024-12-18 20:05:17.212039,258,274,242,232,34,86
801,2024-12-18 20:05:17.228706,258,274,241,232,35,87
802,2024-12-18 20:05:17.245373,258,274,241,232,35,87
803,2024-12-18 20:05:17.262039,257,274,241,232,35,87
804,2024-12-18 20:05:17.278706,257,274,241,232,35,87
805,2024-12-18 20:05:17.295373,258,274,241,232,35,87
806,2024-12-18 20:05:17.312039,258,274,241,232,35,87
807,2024-12-18 20:05:17.328706,258,274,241,232,35,87
808,2024-12-18 20:05:17.345373,258,274,241,232,35,88
809,2024-12-18 20:05:17.362039,257,275,241,232,35,88
810,2024-12-18 20:05:17.378706,257,275,240,232,35,88
811,2024-12-18 20:05:17.395373,256,275,239,232,36,88
812,2024-12-18 20:05:17.412039,255,275,238,232,35,88
813,2024-12-18 20:05:17.428706,253,275,236,232,35,88
814,2024-12-18 20:05:17.445373,250,275,234,232,35,88
815,2024-12-18 20:05:17.462039,249,275,232,232,35,88
816,2024-12-18 20:05:17.478706,247,275,230,232,36,88
817,2024-12-18 20:05:17.495373,246,275,229,232,35,88
818,2024-12-18 20:05:17.512039,245,275,228,232,36,88
819,2024-12-18 20:05:17.528706,245,274,228,232,35,89
820,2024-12-18 20:05:17.545373,245,275,228,232,35,89
821,2024-12-18 20:05:17.562039,245,275,228,232,35,89
822,2024-12-18 20:05:17.578706,245,275,228,232,36,89
823,2024-12-18 20:05:17.595373,246,275,229,233,35,88
824,2024-12-18 20:05:17.612039,247,274,230,233,35,88
825,2024-12-18 20:05:17.628706,248,275,231,233,35,88
826,2024-12-18 20:05:17.645373,249,275,232,233,36,88
827,2024-12-18 20:05:17.662039,250,274,234,232,35,88
828,2024-12-18 20:05:17.678706,252,275,235,232,35,88
829,2024-12-18 20:05:17.695373,254,275,238,232,35,88
830,2024-12-18 20:05:17.712039,257,274,240,233,35,86
831,2024-12-18 20:05:17.728706,259,274,242,233,35,88
832,2024-12-18 20:05:17.745373,260,275,244,233,35,88
833,2024-12-18 20:05:17.762039,262,274,245,233,36,88
834,2024-12-18 20:05:17.778706,264,276,247,233,35,88
835,2024-12-18 20:05:17.795373,265,276,248,233,35,88
836,2024-12-18 20:05:17.812039,266,276,249,233,35,88
837,2024-12-18 20:05:17.828706,266,276,250,234,35,87
838,2024-12-18 20:05:17.845373,266,275,250,233,35,88
839,2024-12-18 20:05:17.862039,266,275,249,233,35,88
840,2024-12-18 20:05:17.878706,265,276,249,233,34,88
841,2024-12-18 20:05:17.895373,264,276,247,233,35,88
842,2024-12-18 20:05:17.912039,262,276,246,233,35,88
843,2024-12-18 20:05:17.928706,261,276,245,234,35,86
844,2024-12-18 20:05:17.945373,260,276,244,233,35,87
845,2024-12-18 20:05:17.962039,259,275,243,233,34,87
846,2024-12-18 20:05:17.978706,257,275,241,233,35,87
847,2024-12-18 20:05:17.995373,256,275,239,233,35,87
848,2024-12-18 20:05:18.012039,254,275,238,233,34,86
849,2024-12-18 20:05:18.028706,253,275,236,233,35,86
850,2024-12-18 20:05:18.045373,252,275,235,233,35,86
851,2024-12-18 20:05:18.062039,251,275,235,233,34,86
852,2024-12-18 20:05:18.078706,251,274,235,233,34,86
853,2024-12-18 20:05:18.095373,251,274,235,233,34,86
854,2024-12-18 20:05:18.112039,251,274,235,233,35,85
855,2024-12-18 20:05:18.128706,253,274,237,233,34,85
856,2024-12-18 20:05:18.145373,256,274,240,233,34,85
857,2024-12-18 20:05:18.162039,259,274,243,233,34,85
858,2024-12-18 20:05:18.178706,261,274,245,233,34,85
859,2024-12-18 20:05:18.195373,263,274,247,233,34,85
860,2024-12-18 20:05:18.212039,265,274,249,233,33,85
861,2024-12-18 20:05:18.228706,265,274,249,233,34,85
862,2024-12-18 20:05:18.245373,266,273,251,233,33,84
863,2024-12-18 20:05:18.262039,268,274,252,233,34,84
864,2024-12-18 20:05:18.278706,269,274,253,233,34,84
865,2024-12-18 20:05:18.295373,269,274,253,234,33,83
866,2024-12-18 20:05:18.312039,267,274,251,233,33,84
867,2024-12-18 20:05:18.328706,263,274,247,233,33,83
868,2024-12-18 20:05:18.345373,256,273,240,233,33,83
869,2024-12-18 20:05:18.362039,244,272,228,233,33,82
870,2024-12-18 20:05:18.378706,224,272,208,232,33,82
871,2024-12-18 20:05:18.395373,199,271,183,232,33,82
872,2024-12-18 20:05:18.412039,173,272,157,232,34,82
873,2024-12-18 20:05:18.428706,150,273,134,233,34,81
874,2024-12-18 20:05:18.445373,131,273,115,234,34,82
875,2024-12-18 20:05:18.462039,114,274,98,234,34,83
876,2024-12-18 20:05:18.478706,99,273,82,233,35,83
877,2024-12-18 20:05:18.495373,85,273,69,232,35,84
878,2024-12-18 20:05:18.512039,73,272,57,232,35,83
879,2024-12-18 20:05:18.528706,62,272,45,232,36,83
880,2024-12-18 20:05:18.545373,52,272,35,232,36,84
881,2024-12-18 20:05:18.562039,44,273,27,232,36,84
882,2024-12-18 20:05:18.578706,35,273,18,232,36,85
883,2024-12-18 20:05:18.595373,26,273,9,232,37,85
884,2024-12-18 20:05:18.612039,17,273,0,232,36,85
885,2024-12-18 20:05:18.628706,11,274,0,232,25,85
886,2024-12-18 20:05:18.645373,5,273,0,233,12,83
928,2024-12-18 20:05:19.345373,0,266,0,239,2,55
929,2024-12-18 20:05:19.362039,8,265,0,231,18,71
930,2024-12-18 20:05:19.378706,14,265,0,232,30,70
931,2024-12-18 20:05:19.395373,24,265,10,232,30,70
932,2024-12-18 20:05:19.412039,33,266,20,233,29,69
933,2024-12-18 20:05:19.428706,41,266,28,233,29,69
934,2024-12-18 20:05:19.445373,48,266,35,234,29,68
935,2024-12-18 20:05:19.462039,54,266,41,234,29,68
936,2024-12-18 20:05:19.478706,59,266,46,234,29,68
937,2024-12-18 20:05:19.495373,64,266,51,234,29,67
938,2024-12-18 20:05:19.512039,72,266,58,234,29,67
939,2024-12-18 20:05:19.528706,81,265,68,234,28,66
940,2024-12-18 20:05:19.545373,93,265,80,234,28,66
941,2024-12-18 20:05:19.562039,107,265,94,233,27,66
942,2024-12-18 20:05:19.578706,122,264,109,234,27,65
943,2024-12-18 20:05:19.595373,139,265,127,234,26,65
944,2024-12-18 20:05:19.612039,158,266,146,235,27,65
945,2024-12-18 20:05:19.628706,178,267,166,236,26,65
946,2024-12-18 20:05:19.645373,195,267,183,236,26,65
947,2024-12-18 20:05:19.662039,210,267,198,236,26,65
948,2024-12-18 20:05:19.678706,225,267,213,236,26,66
949,2024-12-18 20:05:19.695373,242,267,230,236,26,65
950,2024-12-18 20:05:19.712039,262,267,249,236,27,66
951,2024-12-18 20:05:19.728706,284,267,272,236,26,66
952,2024-12-18 20:05:19.745373,308,268,295,236,27,67
953,2024-12-18 20:05:19.762039,330,270,317,237,28,68
954,2024-12-18 20:05:19.778706,349,271,336,238,28,68
955,2024-12-18 20:05:19.795373,363,271,350,238,29,69
956,2024-12-18 20:05:19.812039,375,271,362,238,29,69
957,2024-12-18 20:05:19.828706,385,272,372,239,28,69
958,2024-12-18 20:05:19.845373,392,272,378,239,29,69
959,2024-12-18 20:05:19.862039,395,272,382,239,29,70
960,2024-12-18 20:05:19.878706,398,272,385,238,29,71
961,2024-12-18 20:05:19.895373,401,272,388,238,29,71
962,2024-12-18 20:05:19.912039,405,272,392,238,29,71
963,2024-12-18 20:05:19.928706,413,272,399,238,30,71
964,2024-12-18 20:05:19.945373,424,272,410,237,31,73
965,2024-12-18 20:05:19.962039,439,273,424,237,31,74
966,2024-12-18 20:05:19.978706,456,273,441,237,32,75
967,2024-12-18 20:05:19.995373,473,274,457,237,33,76
968,2024-12-18 20:05:20.012039,483,273,467,236,33,77
969,2024-12-18 20:05:20.028706,485,273,471,236,29,77
970,2024-12-18 20:05:20.045373,484,272,469,235,31,77
971,2024-12-18 20:05:20.062039,477,271,461,234,34,77
972,2024-12-18 20:05:20.078706,466,271,451,233,33,78
973,2024-12-18 20:05:20.095373,451,269,435,232,33,77
974,2024-12-18 20:05:20.112039,429,267,414,231,32,76
975,2024-12-18 20:05:20.128706,404,266,389,230,31,76
976,2024-12-18 20:05:20.145373,378,265,363,229,31,75
977,2024-12-18 20:05:20.162039,356,265,341,229,31,75
978,2024-12-18 20:05:20.178706,340,265,326,229,31,75
979,2024-12-18 20:05:20.195373,329,264,315,229,30,74
980,2024-12-18 20:05:20.212039,319,264,305,228,31,75
981,2024-12-18 20:05:20.228706,312,263,298,227,30,75
982,2024-12-18 20:05:20.245373,306,263,292,227,30,75
983,2024-12-18 20:05:20.262039,304,263,289,227,31,75
984,2024-12-18 20:05:20.278706,303,263,289,227,31,75
985,2024-12-18 20:05:20.295373,303,264,289,227,31,76
986,2024-12-18 20:05:20.312039,303,264,288,227,31,77
987,2024-12-18 20:05:20.328706,300,264,286,227,31,77
988,2024-12-18 20:05:20.345373,297,264,282,227,31,77
989,2024-12-18 20:05:20.362039,293,264,278,227,31,77
990,2024-12-18 20:05:20.378706,288,264,273,227,31,77
991,2024-12-18 20:05:20.395373,282,265,267,227,31,78
992,2024-12-18 20:05:20.412039,275,265,260,227,32,78
993,2024-12-18 20:05:20.428706,268,265,254,228,31,78
994,2024-12-18 20:05:20.445373,261,265,246,228,32,78
995,2024-12-18 20:05:20.462039,253,265,239,227,31,79
996,2024-12-18 20:05:20.478706,245,265,230,227,31,79
997,2024-12-18 20:05:20.495373,235,265,220,227,32,79
998,2024-12-18 20:05:20.512039,227,264,212,227,32,79
999,2024-12-18 20:05:20.528706,220,265,205,227,32,80
1000,2024-12-18 20:05:20.545373,215,266,199,227,33,80
1001,2024-12-18 20:05:20.562039,209,265,193,227,33,80
1002,2024-12-18 20:05:20.578706,202,265,186,226,33,81
1003,2024-12-18 20:05:20.595373,193,265,178,226,33,81
1004,2024-12-18 20:05:20.612039,185,266,170,226,33,82
1005,2024-12-18 20:05:20.628706,178,266,162,227,33,81
1006,2024-12-18 20:05:20.645373,173,267,157,227,33,82
1007,2024-12-18 20:05:20.662039,169,267,153,227,34,83
1008,2024-12-18 20:05:20.678706,165,267,149,227,34,83
1009,2024-12-18 20:05:20.695373,160,267,144,227,34,83
1010,2024-12-18 20:05:20.712039,154,267,138,227,34,84
1011,2024-12-18 20:05:20.728706,150,268,134,228,34,84
1012,2024-12-18 20:05:20.745373,145,268,128,228,35,84
1013,2024-12-18 20:05:20.762039,140,268,123,227,35,85
1014,2024-12-18 20:05:20.778706,134,267,118,227,35,85
1015,2024-12-18 20:05:20.795373,130,267,114,227,35,85
1016,2024-12-18 20:05:20.812039,128,268,111,227,35,85
1017,2024-12-18 20:05:20.828706,125,268,109,226,35,86
1018,2024-12-18 20:05:20.845373,122,268,105,226,36,87
1019,2024-12-18 20:05:20.862039,118,269,101,227,36,86
1020,2024-12-18 20:05:20.878706,114,269,97,227,36,87
1021,2024-12-18 20:05:20.895373,111,269,94,227,36,88
1022,2024-12-18 20:05:20.912039,110,270,92,227,37,88
1023,2024-12-18 20:05:20.928706,108,269,91,227,36,88
1024,2024-12-18 20:05:20.945373,107,269,89,226,37,88
1025,2024-12-18 20:05:20.962039,107,269,89,226,37,88
1026,2024-12-18 20:05:20.978706,110,269,93,226,36,88
1027,2024-12-18 20:05:20.995373,119,269,102,226,36,88
1028,2024-12-18 20:05:21.012039,134,269,117,227,36,88
1029,2024-12-18 20:05:21.028706,156,271,139,228,35,88
1030,2024-12-18 20:05:21.045373,180,272,164,230,35,87
1031,2024-12-18 20:05:21.062039,208,274,192,232,35,87
1032,2024-12-18 20:05:21.078706,236,275,220,233,35,87
1033,2024-12-18 20:05:21.095373,257,276,241,234,35,86
1034,2024-12-18 20:05:21.112039,270,276,254,233,35,88
1035,2024-12-18 20:05:21.128706,279,276,262,234,35,87
1036,2024-12-18 20:05:21.145373,285,276,268,234,35,87
1037,2024-12-18 20:05:21.162039,288,276,272,234,35,88
1038,2024-12-18 20:05:21.178706,288,276,271,234,35,88
1039,2024-12-18 20:05:21.195373,284,276,267,233,35,88
1040,2024-12-18 20:05:21.212039,278,275,261,233,35,88
1041,2024-12-18 20:05:21.228706,269,274,253,232,35,88
1042,2024-12-18 20:05:21.245373,260,274,243,232,36,87
1043,2024-12-18 20:05:21.262039,251,274,235,231,35,88
1044,2024-12-18 20:05:21.278706,245,274,229,231,35,88
1045,2024-12-18 20:05:21.295373,242,274,225,231,36,88
1046,2024-12-18 20:05:21.312039,239,273,223,231,35,88
1047,2024-12-18 20:05:21.328706,237,273,220,231,35,88
1048,2024-12-18 20:05:21.345373,234,273,218,230,35,89
1049,2024-12-18 20:05:21.362039,232,273,216,230,35,89
1050,2024-12-18 20:05:21.378706,230,273,214,230,35,89
1051,2024-12-18 20:05:21.395373,228,273,211,230,36,89
1052,2024-12-18 20:05:21.412039,223,272,207,230,35,88
1053,2024-12-18 20:05:21.428706,216,271,200,229,35,88
1054,2024-12-18 20:05:21.445373,209,271,193,228,35,89
1055,2024-12-18 20:05:21.462039,202,271,186,228,35,89
1056,2024-12-18 20:05:21.478706,195,271,178,228,36,89
1057,2024-12-18 20:05:21.495373,188,272,171,229,36,88
1058,2024-12-18 20:05:21.512039,182,272,165,228,36,89
1059,2024-12-18 20:05:21.528706,176,271,159,228,36,89
1060,2024-12-18 20:05:21.545373,170,271,153,228,36,89
1061,2024-12-18 20:05:21.562039,164,271,147,227,36,90
1062,2024-12-18 20:05:21.578706,160,271,143,228,36,89
1063,2024-12-18 20:05:21.595373,158,271,140,228,37,89
1064,2024-12-18 20:05:21.612039,157,271,140,227,36,90
1065,2024-12-18 20:05:21.628706,160,270,143,227,36,90
1066,2024-12-18 20:05:21.645373,166,270,149,227,37,89
1067,2024-12-18 20:05:21.662039,178,270,161,227,36,89
1068,2024-12-18 20:05:21.678706,195,270,178,227,36,89
1069,2024-12-18 20:05:21.695373,216,271,199,228,35,88
1070,2024-12-18 20:05:21.712039,239,272,222,229,35,88
1071,2024-12-18 20:05:21.728706,259,272,243,229,35,89
1072,2024-12-18 20:05:21.745373,273,272,257,229,35,88
1073,2024-12-18 20:05:21.762039,283,272,267,229,35,88
1074,2024-12-18 20:05:21.778706,290,272,273,229,35,88
1075,2024-12-18 20:05:21.795373,293,272,277,229,35,88
1076,2024-12-18 20:05:21.812039,294,272,278,230,35,88
1077,2024-12-18 20:05:21.828706,292,272,275,229,36,88
1078,2024-12-18 20:05:21.845373,289,272,272,229,35,88
1079,2024-12-18 20:05:21.862039,284,272,268,229,35,88
1080,2024-12-18 20:05:21.878706,280,271,263,229,35,87
1081,2024-12-18 20:05:21.895373,274,271,257,229,35,87
1082,2024-12-18 20:05:21.912039,268,271,251,229,35,87
1083,2024-12-18 20:05:21.928706,262,271,246,229,34,86
1084,2024-12-18 20:05:21.945373,258,271,242,229,34,86
1085,2024-12-18 20:05:21.962039,255,271,239,229,34,86
1086,2024-12-18 20:05:21.978706,254,271,238,230,34,86
1087,2024-12-18 20:05:21.995373,254,271,238,230,34,85
1088,2024-12-18 20:05:22.012039,255,271,239,230,34,85
1089,2024-12-18 20:05:22.028706,257,271,240,229,35,86
1090,2024-12-18 20:05:22.045373,258,271,242,229,34,86
1091,2024-12-18 20:05:22.062039,259,270,243,229,34,85
1092,2024-12-18 20:05:22.078706,259,270,243,229,34,85
1093,2024-12-18 20:05:22.095373,259,270,243,229,33,85
1094,2024-12-18 20:05:22.112039,258,269,242,229,33,84
1095,2024-12-18 20:05:22.128706,256,269,241,229,33,84
1096,2024-12-18 20:05:22.145373,255,269,239,229,34,83
1097,2024-12-18 20:05:22.162039,254,269,238,229,33,83
1098,2024-12-18 20:05:22.178706,253,268,237,229,33,83
1099,2024-12-18 20:05:22.195373,251,268,236,229,33,82
1100,2024-12-18 20:05:22.212039,249,268,234,229,33,82
1101,2024-12-18 20:05:22.228706,247,268,232,229,33,82
1102,2024-12-18 20:05:22.245373,247,268,231,229,33,82
1103,2024-12-18 20:05:22.262039,246,268,231,229,32,82
1104,2024-12-18 20:05:22.278706,247,268,231,230,33,81
1105,2024-12-18 20:05:22.295373,247,269,231,230,33,81
1106,2024-12-18 20:05:22.312039,246,268,231,230,32,79
1107,2024-12-18 20:05:22.328706,245,269,229,231,33,78
1108,2024-12-18 20:05:22.345373,244,269,228,231,33,81
1109,2024-12-18 20:05:22.362039,242,270,227,232,32,80
1110,2024-12-18 20:05:22.378706,241,269,226,232,32,80
1111,2024-12-18 20:05:22.395373,240,270,225,232,32,80
1112,2024-12-18 20:05:22.412039,239,270,224,232,32,79
1113,2024-12-18 20:05:22.428706,238,270,223,232,31,79
1114,2024-12-18 20:05:22.445373,237,270,222,232,32,79
1115,2024-12-18 20:05:22.462039,237,271,222,233,32,78
1116,2024-12-18 20:05:22.478706,236,271,222,233,31,78
1117,2024-12-18 20:05:22.495373,235,271,221,233,31,78
1118,2024-12-18 20:05:22.512039,235,271,221,233,31,78
1119,2024-12-18 20:05:22.528706,234,271,220,234,31,77
1120,2024-12-18 20:05:22.545373,235,271,221,234,31,77
1121,2024-12-18 20:05:22.562039,236,272,222,234,31,77
1122,2024-12-18 20:05:22.578706,237,272,223,234,30,76
1123,2024-12-18 20:05:22.595373,237,272,223,235,30,76
1124,2024-12-18 20:05:22.612039,237,272,223,235,30,75
1125,2024-12-18 20:05:22.628706,237,272,223,235,30,75
1126,2024-12-18 20:05:22.645373,238,271,224,235,30,75
1127,2024-12-18 20:05:22.662039,239,271,225,235,30,75
1128,2024-12-18 20:05:22.678706,240,271,226,235,30,75
1129,2024-12-18 20:05:22.695373,241,271,228,235,29,74
1130,2024-12-18 20:05:22.712039,242,271,228,236,30,73
1131,2024-12-18 20:05:22.728706,243,271,229,236,29,73
1132,2024-12-18 20:05:22.745373,243,271,229,236,29,73
1133,2024-12-18 20:05:22.762039,243,271,229,236,30,73
1134,2024-12-18 20:05:22.778706,244,271,230,236,29,73
1135,2024-12-18 20:05:22.795373,245,271,231,236,29,73
1136,2024-12-18 20:05:22.812039,245,271,232,236,28,72
1137,2024-12-18 20:05:22.828706,245,270,232,236,28,72
1138,2024-12-18 20:05:22.845373,245,270,231,236,29,70
1139,2024-12-18 20:05:22.862039,243,270,230,236,28,71
1140,2024-12-18 20:05:22.878706,242,270,229,236,29,70
1141,2024-12-18 20:05:22.895373,242,269,229,236,28,70
1142,2024-12-18 20:05:22.912039,243,269,230,236,28,70
1143,2024-12-18 20:05:22.928706,243,268,230,235,28,70
1144,2024-12-18 20:05:22.945373,242,268,230,235,27,69
1145,2024-12-18 20:05:22.962039,241,268,228,235,28,69
1146,2024-12-18 20:05:22.978706,241,268,228,235,27,68
1147,2024-12-18 20:05:22.995373,240,267,227,235,28,68
1148,2024-12-18 20:05:23.012039,239,267,227,235,27,68
1149,2024-12-18 20:05:23.028706,239,267,227,235,27,68
1150,2024-12-18 20:05:23.045373,239,267,227,235,27,67
1151,2024-12-18 20:05:23.062039,240,267,228,235,27,67
1152,2024-12-18 20:05:23.078706,241,267,229,235,26,67
1153,2024-12-18 20:05:23.095373,242,267,229,235,27,66
1154,2024-12-18 20:05:23.112039,242,266,230,235,26,66
1155,2024-12-18 20:05:23.128706,242,266,229,235,27,65
1156,2024-12-18 20:05:23.145373,241,266,229,235,27,66
1157,2024-12-18 20:05:23.162039,241,266,229,235,27,66
1158,2024-12-18 20:05:23.178706,241,266,229,235,26,65
1159,2024-12-18 20:05:23.195373,240,266,228,235,26,64
1160,2024-12-18 20:05:23.212039,239,266,227,235,26,65
1161,2024-12-18 20:05:23.228706,239,267,227,235,26,65
1162,2024-12-18 20:05:23.245373,239,266,227,235,26,65
1163,2024-12-18 20:05:23.262039,239,266,228,235,25,65
1164,2024-12-18 20:05:23.278706,239,266,228,235,25,64
1165,2024-12-18 20:05:23.295373,239,266,227,235,26,64
1166,2024-12-18 20:05:23.312039,238,266,226,235,26,64
1167,2024-12-18 20:05:23.328706,236,266,224,235,26,64
1168,2024-12-18 20:05:23.345373,235,265,223,235,26,64
1169,2024-12-18 20:05:23.362039,234,265,223,235,25,64
1170,2024-12-18 20:05:23.378706,235,266,223,235,26,64
1171,2024-12-18 20:05:23.395373,236,265,224,235,26,64
1172,2024-12-18 20:05:23.412039,236,265,225,235,25,64
1173,2024-12-18 20:05:23.428706,236,265,225,235,25,63
1174,2024-12-18 20:05:23.445373,237,265,225,235,26,63
1175,2024-12-18 20:05:23.462039,237,265,226,235,25,63
1176,2024-12-18 20:05:23.478706,237,265,225,235,26,63
1177,2024-12-18 20:05:23.495373,236,265,225,235,25,63
1178,2024-12-18 20:05:23.512039,236,265,225,235,25,63
1179,2024-12-18 20:05:23.528706,237,266,225,235,26,64
1180,2024-12-18 20:05:23.545373,238,266,227,235,25,64
1181,2024-12-18 20:05:23.562039,243,266,232,236,25,64
1182,2024-12-18 20:05:23.578706,250,267,238,237,26,64
1183,2024-12-18 20:05:23.595373,254,267,243,237,25,64
1184,2024-12-18 20:05:23.612039,256,266,244,236,26,65
1185,2024-12-18 20:05:23.628706,255,266,243,236,26,64
1186,2024-12-18 20:05:23.645373,253,267,241,236,26,65
1187,2024-12-18 20:05:23.662039,251,267,239,236,26,65
1188,2024-12-18 20:05:23.678706,249,267,237,236,27,66
1189,2024-12-18 20:05:23.695373,248,267,236,236,27,66
1190,2024-12-18 20:05:23.712039,247,267,235,236,27,67
1191,2024-12-18 20:05:23.728706,245,267,233,236,27,67
1192,2024-12-18 20:05:23.745373,244,267,231,236,27,67
1193,2024-12-18 20:05:23.762039,242,267,229,236,27,67
1194,2024-12-18 20:05:23.778706,241,267,228,236,27,67
1195,2024-12-18 20:05:23.795373,242,267,229,236,27,67
1196,2024-12-18 20:05:23.812039,244,267,231,236,27,67
1197,2024-12-18 20:05:23.828706,245,268,232,235,28,68
1198,2024-12-18 20:05:23.845373,247,267,234,235,28,69
1199,2024-12-18 20:05:23.862039,251,268,238,236,28,68
1200,2024-12-18 20:05:23.878706,256,269,244,236,27,69
1201,2024-12-18 20:05:23.895373,263,270,250,237,28,69
1202,2024-12-18 20:05:23.912039,267,270,254,237,28,69
1203,2024-12-18 20:05:23.928706,270,269,257,236,28,70
1204,2024-12-18 20:05:23.945373,273,270,260,236,28,70
1205,2024-12-18 20:05:23.962039,276,269,263,236,28,71
1206,2024-12-18 20:05:23.978706,279,269,266,236,28,69
1207,2024-12-18 20:05:23.995373,282,270,268,236,29,71
1208,2024-12-18 20:05:24.012039,282,269,268,236,29,70
1209,2024-12-18 20:05:24.028706,280,269,267,235,29,70
1210,2024-12-18 20:05:24.045373,279,269,266,235,29,72
1211,2024-12-18 20:05:24.062039,278,269,265,235,29,72
1212,2024-12-18 20:05:24.078706,278,269,264,235,29,72
1213,2024-12-18 20:05:24.095373,277,269,264,235,29,72
1214,2024-12-18 20:05:24.112039,275,269,262,235,29,73
1215,2024-12-18 20:05:24.128706,272,269,258,235,29,73
1216,2024-12-18 20:05:24.145373,266,268,252,234,29,74
1217,2024-12-18 20:05:24.162039,258,268,245,234,29,74
1218,2024-12-18 20:05:24.178706,252,268,238,234,30,74
1219,2024-12-18 20:05:24.195373,247,269,233,234,30,74
1220,2024-12-18 20:05:24.212039,244,270,230,233,30,75
1221,2024-12-18 20:05:24.228706,243,268,228,233,31,75
1222,2024-12-18 20:05:24.245373,244,268,230,233,30,73
1223,2024-12-18 20:05:24.262039,248,268,234,233,30,73
1224,2024-12-18 20:05:24.278706,254,269,240,233,30,76
1225,2024-12-18 20:05:24.295373,261,269,246,233,31,77
1226,2024-12-18 20:05:24.312039,266,269,251,233,31,77
1227,2024-12-18 20:05:24.328706,271,269,256,233,31,76
1228,2024-12-18 20:05:24.345373,276,270,261,233,31,78
1229,2024-12-18 20:05:24.362039,279,270,265,233,31,78
1230,2024-12-18 20:05:24.378706,282,271,268,233,31,78
1231,2024-12-18 20:05:24.395373,285,271,270,234,32,78
1232,2024-12-18 20:05:24.412039,287,271,272,234,31,78
1233,2024-12-18 20:05:24.428706,285,271,270,233,32,79
1234,2024-12-18 20:05:24.445373,282,271,267,233,32,79
1235,2024-12-18 20:05:24.462039,278,271,263,233,32,79
1236,2024-12-18 20:05:24.478706,273,271,258,233,32,79
1237,2024-12-18 20:05:24.495373,266,271,251,232,32,80
1238,2024-12-18 20:05:24.512039,258,270,243,231,32,80
1239,2024-12-18 20:05:24.528706,247,269,231,230,33,80
1240,2024-12-18 20:05:24.545373,232,268,217,229,32,81
1241,2024-12-18 20:05:24.562039,215,267,200,228,32,81
1242,2024-12-18 20:05:24.578706,198,267,183,228,33,82
1243,2024-12-18 20:05:24.595373,183,268,167,228,33,82
1244,2024-12-18 20:05:24.612039,170,269,154,228,33,83
1245,2024-12-18 20:05:24.628706,159,269,143,228,34,83
1246,2024-12-18 20:05:24.645373,149,268,133,228,34,83
1247,2024-12-18 20:05:24.662039,140,268,123,228,35,84
1248,2024-12-18 20:05:24.678706,132,268,116,227,35,85
1249,2024-12-18 20:05:24.695373,127,269,111,227,35,85
1250,2024-12-18 20:05:24.712039,123,269,107,227,35,86
1251,2024-12-18 20:05:24.728706,124,269,107,228,35,85
1252,2024-12-18 20:05:24.745373,129,270,112,228,35,86
1253,2024-12-18 20:05:24.762039,139,270,123,229,35,85
1254,2024-12-18 20:05:24.778706,154,271,138,230,35,85
1255,2024-12-18 20:05:24.795373,173,272,157,230,35,85
1256,2024-12-18 20:05:24.812039,194,272,178,231,34,85
1257,2024-12-18 20:05:24.828706,209,271,193,230,34,85
1258,2024-12-18 20:05:24.845373,218,271,202,229,34,85
1259,2024-12-18 20:05:24.862039,222,270,206,229,34,85
1260,2024-12-18 20:05:24.878706,223,270,207,228,34,86
1261,2024-12-18 20:05:24.895373,221,270,205,228,34,86
1262,2024-12-18 20:05:24.912039,218,270,202,228,34,86
1263,2024-12-18 20:05:24.928706,215,270,199,229,34,85
1264,2024-12-18 20:05:24.945373,213,270,196,228,35,87
1265,2024-12-18 20:05:24.962039,212,270,195,228,35,86
1266,2024-12-18 20:05:24.978706,212,270,195,228,35,86
1267,2024-12-18 20:05:24.995373,214,269,198,227,34,87
1268,2024-12-18 20:05:25.012039,218,269,202,227,34,87
1269,2024-12-18 20:05:25.028706,223,269,207,227,35,87
1270,2024-12-18 20:05:25.045373,229,269,212,227,35,87
1271,2024-12-18 20:05:25.062039,233,268,217,226,35,87
1272,2024-12-18 20:05:25.078706,240,268,223,226,35,87
1273,2024-12-18 20:05:25.095373,247,268,231,225,34,88
1274,2024-12-18 20:05:25.112039,255,268,238,226,35,87
1275,2024-12-18 20:05:25.128706,264,269,247,226,35,88
1276,2024-12-18 20:05:25.145373,271,269,255,226,35,88
1277,2024-12-18 20:05:25.162039,277,269,261,226,35,88
1278,2024-12-18 20:05:25.178706,282,269,266,226,35,88
1279,2024-12-18 20:05:25.195373,288,269,271,226,35,88
1280,2024-12-18 20:05:25.212039,292,269,275,227,36,88
1281,2024-12-18 20:05:25.228706,295,270,278,227,35,88
1282,2024-12-18 20:05:25.245373,297,270,280,227,36,88
1283,2024-12-18 20:05:25.262039,298,270,282,227,35,88
1284,2024-12-18 20:05:25.278706,300,270,284,227,35,88
1285,2024-12-18 20:05:25.295373,303,270,286,227,35,88
1286,2024-12-18 20:05:25.312039,304,270,287,227,36,88
1287,2024-12-18 20:05:25.328706,304,270,287,227,36,88
1288,2024-12-18 20:05:25.345373,302,270,285,227,35,88
1289,2024-12-18 20:05:25.362039,298,269,281,227,35,88
1290,2024-12-18 20:05:25.378706,293,269,276,227,35,88
1291,2024-12-18 20:05:25.395373,285,269,268,227,36,88
1292,2024-12-18 20:05:25.412039,277,269,260,227,36,88
1293,2024-12-18 20:05:25.428706,270,269,253,227,35,88
1294,2024-12-18 20:05:25.445373,264,270,247,227,35,88
1295,2024-12-18 20:05:25.462039,258,269,241,227,35,88
1296,2024-12-18 20:05:25.478706,253,269,236,227,35,88
1297,2024-12-18 20:05:25.495373,248,269,231,227,35,88
1298,2024-12-18 20:05:25.512039,242,269,225,227,35,88
1299,2024-12-18 20:05:25.528706,236,269,219,227,35,88
1300,2024-12-18 20:05:25.545373,229,270,212,227,36,88
1301,2024-12-18 20:05:25.562039,221,270,204,227,35,88
1302,2024-12-18 20:05:25.578706,211,270,195,227,35,88
1303,2024-12-18 20:05:25.595373,204,270,187,227,36,88
1304,2024-12-18 20:05:25.612039,200,269,183,227,35,88
1305,2024-12-18 20:05:25.628706,198,270,182,227,35,88
1306,2024-12-18 20:05:25.645373,201,270,185,227,35,88
1307,2024-12-18 20:05:25.662039,206,269,190,227,35,87
1308,2024-12-18 20:05:25.678706,213,269,196,227,36,87
1309,2024-12-18 20:05:25.695373,221,270,204,227,35,88
1310,2024-12-18 20:05:25.712039,227,270,211,228,35,87
1311,2024-12-18 20:05:25.728706,232,270,215,228,35,87
1312,2024-12-18 20:05:25.745373,234,270,218,228,35,87
1313,2024-12-18 20:05:25.762039,237,270,220,229,35,86
1314,2024-12-18 20:05:25.778706,239,271,223,229,34,87
1315,2024-12-18 20:05:25.795373,241,271,225,229,35,85
1316,2024-12-18 20:05:25.812039,243,271,227,230,35,86
1317,2024-12-18 20:05:25.828706,244,271,227,230,35,84
1318,2024-12-18 20:05:25.845373,244,271,228,230,35,87
1319,2024-12-18 20:05:25.862039,246,271,230,230,35,86
1320,2024-12-18 20:05:25.878706,250,271,234,230,35,87
1321,2024-12-18 20:05:25.895373,256,272,240,230,35,87
1322,2024-12-18 20:05:25.912039,264,272,247,231,35,86
1323,2024-12-18 20:05:25.928706,268,272,252,230,35,87
1324,2024-12-18 20:05:25.945373,272,271,255,230,35,84
1325,2024-12-18 20:05:25.962039,273,271,257,230,34,84
1326,2024-12-18 20:05:25.978706,275,271,259,230,34,86
1327,2024-12-18 20:05:25.995373,279,271,263,231,34,84
1328,2024-12-18 20:05:26.012039,283,271,267,231,34,84
1329,2024-12-18 20:05:26.028706,286,271,270,231,34,84
1330,2024-12-18 20:05:26.045373,289,271,273,231,34,83
1331,2024-12-18 20:05:26.062039,290,271,274,231,34,84
1332,2024-12-18 20:05:26.078706,290,270,274,230,33,85
1333,2024-12-18 20:05:26.095373,286,271,271,231,33,83
1334,2024-12-18 20:05:26.112039,282,271,267,231,33,83
1335,2024-12-18 20:05:26.128706,278,271,262,231,33,83
1336,2024-12-18 20:05:26.145373,273,270,257,231,33,83
1337,2024-12-18 20:05:26.162039,269,271,253,231,33,83
1338,2024-12-18 20:05:26.178706,264,271,248,231,33,82
1339,2024-12-18 20:05:26.195373,258,271,242,231,33,82
1340,2024-12-18 20:05:26.212039,250,270,235,231,32,82
1341,2024-12-18 20:05:26.228706,240,270,225,231,32,82
1342,2024-12-18 20:05:26.245373,229,270,213,231,33,82
1343,2024-12-18 20:05:26.262039,219,270,204,231,33,82
1344,2024-12-18 20:05:26.278706,212,270,197,232,32,80
1345,2024-12-18 20:05:26.295373,206,271,191,232,32,80
1346,2024-12-18 20:05:26.312039,202,270,187,232,32,80
1347,2024-12-18 20:05:26.328706,199,270,184,232,32,80
1348,2024-12-18 20:05:26.345373,199,270,184,232,32,80
1349,2024-12-18 20:05:26.362039,203,270,188,232,32,80
1350,2024-12-18 20:05:26.378706,210,271,195,233,32,79
1351,2024-12-18 20:05:26.395373,218,271,204,233,31,79
1352,2024-12-18 20:05:26.412039,226,271,211,234,32,78
1353,2024-12-18 20:05:26.428706,232,272,218,234,31,78
1354,2024-12-18 20:05:26.445373,238,271,224,234,31,78
1355,2024-12-18 20:05:26.462039,242,271,228,234,31,77
1356,2024-12-18 20:05:26.478706,247,270,233,233,30,77
1357,2024-12-18 20:05:26.495373,252,270,237,233,31,76
1358,2024-12-18 20:05:26.512039,255,269,240,232,31,76
1359,2024-12-18 20:05:26.528706,256,268,241,232,31,75
1360,2024-12-18 20:05:26.545373,255,268,241,232,30,76
1361,2024-12-18 20:05:26.562039,254,268,240,232,30,75
1362,2024-12-18 20:05:26.578706,254,268,240,232,30,74
1363,2024-12-18 20:05:26.595373,256,268,242,232,30,74
1364,2024-12-18 20:05:26.612039,259,268,245,232,30,74
1365,2024-12-18 20:05:26.628706,263,268,249,232,30,74
1366,2024-12-18 20:05:26.645373,266,268,252,232,30,74
1367,2024-12-18 20:05:26.662039,268,268,254,232,29,74
1368,2024-12-18 20:05:26.678706,268,267,254,232,30,74
1369,2024-12-18 20:05:26.695373,268,268,254,232,30,74
1370,2024-12-18 20:05:26.712039,269,267,255,233,29,71
1371,2024-12-18 20:05:26.728706,271,267,258,233,29,72
1372,2024-12-18 20:05:26.745373,275,267,261,233,29,72
1373,2024-12-18 20:05:26.762039,278,268,264,233,29,72
1374,2024-12-18 20:05:26.778706,280,268,266,233,29,72
1375,2024-12-18 20:05:26.795373,281,268,268,234,29,71
1376,2024-12-18 20:05:26.812039,283,268,270,234,28,71
1377,2024-12-18 20:05:26.828706,283,268,270,234,28,71
1378,2024-12-18 20:05:26.845373,281,268,268,235,28,70
1379,2024-12-18 20:05:26.862039,275,268,262,235,28,70
1380,2024-12-18 20:05:26.878706,263,268,250,234,28,70
1381,2024-12-18 20:05:26.895373,247,268,234,235,28,69
1382,2024-12-18 20:05:26.912039,228,268,215,235,28,69
1383,2024-12-18 20:05:26.928706,214,267,201,235,28,69
1384,2024-12-18 20:05:26.945373,205,267,193,235,27,68
1385,2024-12-18 20:05:26.962039,200,266,188,234,27,69
1386,2024-12-18 20:05:26.978706,198,267,186,234,27,68
1387,2024-12-18 20:05:26.995373,199,266,186,234,28,68
1388,2024-12-18 20:05:27.012039,200,267,188,234,27,68
1389,2024-12-18 20:05:27.028706,203,267,191,235,27,67
1390,2024-12-18 20:05:27.045373,208,268,196,236,27,66
1391,2024-12-18 20:05:27.062039,215,268,203,236,27,67
1392,2024-12-18 20:05:27.078706,223,268,211,237,27,66
1393,2024-12-18 20:05:27.095373,231,269,219,237,26,66
1394,2024-12-18 20:05:27.112039,237,269,225,238,27,65
1395,2024-12-18 20:05:27.128706,243,269,231,238,26,65
1396,2024-12-18 20:05:27.145373,247,269,235,238,26,65
1397,2024-12-18 20:05:27.162039,250,269,238,238,26,65
1398,2024-12-18 20:05:27.178706,254,268,242,238,26,64
1399,2024-12-18 20:05:27.195373,257,268,245,237,26,65
1400,2024-12-18 20:05:27.212039,261,268,249,237,26,65
1401,2024-12-18 20:05:27.228706,265,267,253,237,26,64
1402,2024-12-18 20:05:27.245373,270,267,258,237,26,64
1403,2024-12-18 20:05:27.262039,276,267,264,237,26,64
1404,2024-12-18 20:05:27.278706,281,267,269,236,26,64
1405,2024-12-18 20:05:27.295373,287,266,275,236,26,64
1406,2024-12-18 20:05:27.312039,292,266,280,236,26,64
1407,2024-12-18 20:05:27.328706,297,266,285,236,26,64
1408,2024-12-18 20:05:27.345373,300,266,288,236,26,62
1409,2024-12-18 20:05:27.362039,300,266,288,236,26,62
1410,2024-12-18 20:05:27.378706,297,266,285,235,26,64
1411,2024-12-18 20:05:27.395373,289,266,278,235,25,64
1412,2024-12-18 20:05:27.412039,278,266,266,235,26,64
1413,2024-12-18 20:05:27.428706,264,265,252,235,26,63
1414,2024-12-18 20:05:27.445373,250,265,238,234,26,64
1415,2024-12-18 20:05:27.462039,239,265,227,234,26,64
1416,2024-12-18 20:05:27.478706,232,264,221,233,25,64
1417,2024-12-18 20:05:27.495373,232,263,220,232,26,64
1418,2024-12-18 20:05:27.512039,234,263,222,232,26,64
1419,2024-12-18 20:05:27.528706,237,263,225,232,26,65
1420,2024-12-18 20:05:27.545373,239,263,227,232,26,65
1421,2024-12-18 20:05:27.562039,239,263,227,232,27,65
1422,2024-12-18 20:05:27.578706,236,263,224,232,26,65
1423,2024-12-18 20:05:27.595373,230,263,218,232,27,66
1424,2024-12-18 20:05:27.612039,226,263,214,231,27,67
1425,2024-12-18 20:05:27.628706,226,262,214,231,26,66
1426,2024-12-18 20:05:27.645373,228,262,216,230,27,67
1427,2024-12-18 20:05:27.662039,232,262,220,230,26,66
1428,2024-12-18 20:05:27.678706,235,262,223,230,27,66
1429,2024-12-18 20:05:27.695373,237,262,225,230,27,67
1430,2024-12-18 20:05:27.712039,237,262,225,230,27,67
1431,2024-12-18 20:05:27.728706,235,263,223,230,27,68
1432,2024-12-18 20:05:27.745373,229,263,216,231,28,68
1433,2024-12-18 20:05:27.762039,220,264,207,231,28,68
1434,2024-12-18 20:05:27.778706,213,263,201,231,27,68
1435,2024-12-18 20:05:27.795373,212,263,199,230,28,69
1436,2024-12-18 20:05:27.812039,213,263,200,230,28,69
1437,2024-12-18 20:05:27.828706,215,263,202,230,28,69
1438,2024-12-18 20:05:27.845373,217,263,204,230,28,69
1439,2024-12-18 20:05:27.862039,219,263,206,230,29,69
1440,2024-12-18 20:05:27.878706,221,263,207,230,29,69
1441,2024-12-18 20:05:27.895373,220,263,206,230,29,70
1442,2024-12-18 20:05:27.912039,216,264,203,230,29,71
1443,2024-12-18 20:05:27.928706,213,264,200,230,28,71
1444,2024-12-18 20:05:27.945373,210,265,197,230,29,72
1445,2024-12-18 20:05:27.962039,210,265,197,230,29,72
1446,2024-12-18 20:05:27.978706,212,265,199,230,29,72
1447,2024-12-18 20:05:27.995373,214,265,200,230,29,72
1448,2024-12-18 20:05:28.012039,214,265,201,229,29,73
1449,2024-12-18 20:05:28.028706,213,265,200,229,29,74
1450,2024-12-18 20:05:28.045373,211,265,197,230,29,73
1451,2024-12-18 20:05:28.062039,206,266,192,230,30,74
1452,2024-12-18 20:05:28.078706,199,267,185,231,30,74
1453,2024-12-18 20:05:28.095373,194,268,180,231,30,75
1454,2024-12-18 20:05:28.112039,193,268,179,232,30,75
1455,2024-12-18 20:05:28.128706,195,268,181,232,30,75
1456,2024-12-18 20:05:28.145373,198,268,184,232,30,75
1457,2024-12-18 20:05:28.162039,200,268,185,232,31,76
1458,2024-12-18 20:05:28.178706,202,268,187,232,31,76
1459,2024-12-18 20:05:28.195373,430,152,422,143,18,19
1460,2024-12-18 20:05:28.212039,430,152,422,143,18,19
1461,2024-12-18 20:05:28.228706,430,152,422,143,18,19
1462,2024-12-18 20:05:28.245373,430,152,422,143,18,19
1463,2024-12-18 20:05:28.262039,430,152,422,143,18,19
1464,2024-12-18 20:05:28.278706,430,152,422,143,18,19
1465,2024-12-18 20:05:28.295373,430,152,422,143,18,19
1466,2024-12-18 20:05:28.312039,430,152,422,143,18,19
1467,2024-12-18 20:05:28.328706,430,152,422,143,18,19
1468,2024-12-18 20:05:28.345373,430,152,422,143,18,19
1469,2024-12-18 20:05:28.362039,430,152,422,143,18,19
1470,2024-12-18 20:05:28.378706,430,152,422,143,18,19
1471,2024-12-18 20:05:28.395373,430,152,422,143,18,19
1472,2024-12-18 20:05:28.412039,430,152,422,143,18,19
1473,2024-12-18 20:05:28.428706,430,152,422,143,18,19
1474,2024-12-18 20:05:28.445373,430,152,422,143,18,19
1475,2024-12-18 20:05:28.462039,430,152,422,143,18,19
1476,2024-12-18 20:05:28.478706,430,152,422,143,18,19
1477,2024-12-18 20:05:28.495373,430,152,422,143,18,19
1478,2024-12-18 20:05:28.512039,430,152,422,143,18,19
1479,2024-12-18 20:05:28.528706,430,152,422,143,18,19
1480,2024-12-18 20:05:28.545373,430,152,422,143,18,19
1481,2024-12-18 20:05:28.562039,430,152,422,143,18,19
1482,2024-12-18 20:05:28.578706,430,152,422,143,18,19
1483,2024-12-18 20:05:28.595373,430,152,422,143,18,19
1484,2024-12-18 20:05:28.612039,430,152,422,143,18,19
1485,2024-12-18 20:05:28.628706,430,152,422,143,18,19
1486,2024-12-18 20:05:28.645373,430,152,422,143,18,19
1487,2024-12-18 20:05:28.662039,430,152,422,143,18,19
1488,2024-12-18 20:05:28.678706,430,152,422,143,18,19
1489,2024-12-18 20:05:28.695373,430,152,422,143,18,19
1490,2024-12-18 20:05:28.712039,430,152,422,143,18,19
1491,2024-12-18 20:05:28.728706,430,152,422,143,18,19
1492,2024-12-18 20:05:28.745373,430,152,422,143,18,19
1493,2024-12-18 20:05:28.762039,430,152,422,143,18,19
1494,2024-12-18 20:05:28.778706,430,152,422,143,18,19
1495,2024-12-18 20:05:28.795373,430,152,422,143,18,19
1496,2024-12-18 20:05:28.812039,430,152,422,143,18,19
1497,2024-12-18 20:05:28.828706,430,152,422,143,18,19
1498,2024-12-18 20:05:28.845373,430,152,422,143,18,19
1499,2024-12-18 20:05:28.862039,430,152,422,143,18,19
1500,2024-12-18 20:05:28.878706,430,152,422,143,18,19
1501,2024-12-18 20:05:28.895373,430,152,422,143,18,19
1502,2024-12-18 20:05:28.912039,430,152,422,143,18,19
1503,2024-12-18 20:05:28.928706,430,152,422,143,18,19
1504,2024-12-18 20:05:28.945373,430,152,422,143,18,19
1505,2024-12-18 20:05:28.962039,430,152,422,143,18,19
1506,2024-12-18 20:05:28.978706,430,152,422,143,18,19
1507,2024-12-18 20:05:28.995373,430,152,422,143,18,19
1508,2024-12-18 20:05:29.012039,430,152,422,143,18,19
1509,2024-12-18 20:05:29.028706,430,152,422,143,18,19
1510,2024-12-18 20:05:29.045373,430,152,422,143,18,19
1511,2024-12-18 20:05:29.062039,430,152,422,143,18,19
1512,2024-12-18 20:05:29.078706,430,152,422,143,18,19
1513,2024-12-18 20:05:29.095373,430,152,422,143,18,19
1514,2024-12-18 20:05:29.112039,430,152,422,143,18,19
1515,2024-12-18 20:05:29.128706,430,152,422,143,18,19
1516,2024-12-18 20:05:29.145373,430,152,422,143,18,19
1517,2024-12-18 20:05:29.162039,430,152,422,143,18,19
1518,2024-12-18 20:05:29.178706,430,152,422,143,18,19
1519,2024-12-18 20:05:29.195373,430,152,422,143,18,19
1520,2024-12-18 20:05:29.212039,430,152,422,143,18,19
1521,2024-12-18 20:05:29.228706,430,152,422,143,18,19
1522,2024-12-18 20:05:29.245373,430,152,422,143,18,19
1523,2024-12-18 20:05:29.262039,430,152,422,143,18,19
1524,2024-12-18 20:05:29.278706,430,152,422,143,18,19
1525,2024-12-18 20:05:29.295373,430,152,422,143,18,19
1526,2024-12-18 20:05:29.312039,430,152,422,143,18,19
1527,2024-12-18 20:05:29.328706,430,152,422,143,18,19
1528,2024-12-18 20:05:29.345373,430,152,422,143,18,19
1529,2024-12-18 20:05:29.362039,430,152,422,143,18,19
1530,2024-12-18 20:05:29.378706,430,152,422,143,18,19
1531,2024-12-18 20:05:29.395373,430,152,422,143,18,19
1532,2024-12-18 20:05:29.412039,430,152,422,143,18,19
1533,2024-12-18 20:05:29.428706,430,152,422,143,18,19
